ID_Encuestado,Marca_Actual,Ocupacion,Edad,Ingreso_Mensual,Gasto_Tecnologia,Horas_Pantalla,Calidad_Percibida_1,Calidad_Percibida_2,Satisfaccion_1,Satisfaccion_2,Lealtad_1,Lealtad_2,Score_Perfil_A,Score_Perfil_B,Score_Perfil_C
1,Apple,Creativo,38,3236.4431081587254,478.2685465344082,4.964636973327547,4,4,5.0,5.0,5.0,4.0,9,2,5
2,Samsung,Ingeniero,27,2267.7917797693094,350.3183726122003,6.760785984193754,2,3,4.0,4.0,4.0,3.0,1,4,8
3,Xiaomi,Ejecutivo,22,2286.0843407360476,350.568779239961,8.11455217053677,2,3,3.0,3.0,2.0,2.0,5,3,6
4,Xiaomi,Ingeniero,53,3356.2510925141287,552.9730765622951,4.838645894711802,7,7,7.0,7.0,6.0,7.0,9,2,6
5,Samsung,Ingeniero,23,1978.2944502060163,323.6508157593257,7.68735618765822,2,1,2.0,3.0,1.0,1.0,2,6,7
6,Samsung,Creativo,43,4132.347523984454,661.3775264806725,5.826000519044068,1,1,2.0,1.0,3.0,2.0,7,3,4
7,Samsung,Ingeniero,21,1645.9032074747893,193.6087466263712,7.529499902492346,6,5,7.0,7.0,7.0,7.0,2,2,5
8,Apple,Creativo,56,3877.1585633181403,641.2323277464783,2.796247944333669,6,7,7.0,7.0,7.0,7.0,9,5,5
9,Xiaomi,Estudiante,56,3856.734518357738,542.3920407792108,4.003161779255354,7,7,7.0,6.0,7.0,7.0,9,7,5
10,Xiaomi,Estudiante,52,3444.6227641096,483.449937485241,5.268749784315285,6,5,7.0,7.0,7.0,7.0,9,7,6
11,Apple,Creativo,18,2157.200468285219,337.1221991104326,8.063065011390595,7,7,6.0,7.0,6.0,6.0,5,3,4
12,Motorola,Estudiante,41,3344.8610463706914,516.8250701080675,6.2914883731305,6,5,6.0,6.0,6.0,4.0,9,10,5
13,Xiaomi,Ejecutivo,53,3187.0904084262106,424.47072115230765,4.113216970490514,1,1,4.0,4.0,5.0,4.0,8,4,8
14,Samsung,Ingeniero,23,2200.6783557732756,321.4377887772965,8.694336079877928,5,6,6.0,7.0,7.0,7.0,2,4,7
15,Samsung,Ejecutivo,58,3358.8163306138213,578.234215435547,1.6436821325286655,3,4,6.0,7.0,6.0,5.0,7,5,7
16,Samsung,Ingeniero,63,4544.274309158651,608.2243182970929,3.841440512923354,3,2,5.0,4.0,4.0,4.0,10,3,5
17,Apple,Estudiante,61,4138.2436551813125,694.9975103278332,5.248880347121278,6,5,5.0,5.0,5.0,5.0,7,10,6
18,Apple,Ejecutivo,48,3441.1649433585435,504.08981893295703,6.697698516041462,4,5,5.0,6.0,4.0,4.0,7,6,7
19,Apple,Estudiante,37,3179.5156744362016,360.0396094936725,6.068173830757525,2,1,5.0,4.0,4.0,5.0,8,10,7
20,Samsung,Ingeniero,41,2912.2448547657996,368.5001415407246,4.573801844357115,1,2,3.0,3.0,2.0,2.0,4,6,7
21,Apple,Creativo,42,3557.0109796091024,485.37777005460566,7.166472842343358,4,5,5.0,5.0,6.0,7.0,8,4,7
22,Apple,Creativo,53,3175.777563621932,445.1701695041527,4.6481348331944385,4,4,5.0,4.0,5.0,5.0,10,2,5
23,Samsung,Ejecutivo,38,3605.9382594472636,535.6550759858226,6.041030460730118,6,5,6.0,6.0,5.0,5.0,8,5,4
24,Apple,Estudiante,47,3074.5444087225733,326.0076548203074,4.40714535912227,1,2,3.0,2.0,3.0,4.0,9,7,4
25,Apple,Estudiante,41,2201.910466152206,339.62678954671355,4.650112519141742,3,2,4.0,4.0,5.0,4.0,2,10,6
26,Xiaomi,Ejecutivo,61,3885.732545768634,530.1053564490509,4.4638631689243535,2,2,3.0,3.0,5.0,4.0,10,2,8
27,Samsung,Creativo,59,3729.0159013728953,628.8785137859873,4.76987145475866,3,3,5.0,4.0,6.0,6.0,7,4,4
28,Apple,Ingeniero,47,3181.9630069249815,463.7856150015485,5.501544001799421,4,3,5.0,6.0,6.0,6.0,8,3,8
29,Xiaomi,Ejecutivo,39,3065.8240077419914,507.0159097479352,5.335954218406156,2,1,3.0,4.0,3.0,3.0,9,4,4
30,Samsung,Ingeniero,45,3798.9211804441366,625.3556260623351,4.43500117489085,5,6,5.0,5.0,5.0,5.0,8,3,4
31,Apple,Creativo,24,2104.147043051432,369.78571863102565,6.167751344780107,4,4,5.0,5.0,4.0,3.0,2,5,6
32,Samsung,Estudiante,52,3254.1912150905496,459.8083451154581,4.239454823922027,3,3,3.0,4.0,4.0,4.0,8,7,7
33,Apple,Creativo,45,2686.7265938581013,374.04898119264897,4.494146435251036,3,3,2.0,2.0,4.0,5.0,2,5,6
34,Motorola,Ejecutivo,31,2315.908604345478,336.13762568740594,5.190690304708955,6,5,6.0,6.0,6.0,5.0,1,5,4
35,Motorola,Estudiante,27,1406.0875803748236,242.7250058251698,7.951345012353048,3,4,3.0,4.0,5.0,6.0,3,10,7
36,Xiaomi,Ejecutivo,33,2287.4334532418197,317.58025449856484,5.3809361385150325,1,1,3.0,3.0,3.0,3.0,1,6,7
37,Apple,Ejecutivo,33,3272.026947931093,484.8409185101516,7.683922681430733,4,3,5.0,5.0,4.0,4.0,9,4,7
38,Samsung,Creativo,48,2988.3203977107887,461.9277504735908,5.594071710113463,7,6,6.0,6.0,6.0,5.0,5,3,8
39,Xiaomi,Ejecutivo,59,4264.357930400152,594.4090932576295,4.394341187618399,7,7,7.0,7.0,7.0,6.0,10,5,4
40,Apple,Creativo,42,2486.758955095755,324.60842884790736,7.465309046060091,2,1,2.0,2.0,3.0,3.0,4,6,5
41,Samsung,Estudiante,30,3385.547949655277,499.918998378092,5.714197365935475,3,3,4.0,4.0,4.0,4.0,7,8,6
42,Apple,Creativo,23,3068.803366532355,459.0294457274353,8.573771996048794,6,6,6.0,5.0,5.0,5.0,7,6,8
43,Samsung,Estudiante,61,4345.510778279939,673.5208907420729,3.60235742697857,6,6,7.0,7.0,7.0,7.0,9,7,6
44,Apple,Creativo,26,3295.6263008217607,527.9382738708418,9.97107015662954,3,4,4.0,3.0,5.0,6.0,10,5,5
45,Samsung,Ingeniero,62,4277.896487463831,586.7313320909923,3.4192055688607903,1,1,3.0,3.0,4.0,4.0,9,6,7
46,Xiaomi,Ingeniero,53,4034.258557074778,564.5345369640385,4.157691663874381,6,7,6.0,5.0,5.0,6.0,7,6,5
47,Apple,Ejecutivo,60,4630.966938365767,646.10742637671,4.425535774857266,7,6,7.0,7.0,6.0,7.0,8,5,6
48,Apple,Creativo,37,2939.8592265492243,511.6012540619547,6.09109146779136,2,2,5.0,4.0,7.0,7.0,5,4,5
49,Apple,Creativo,35,1973.8112692074692,290.0581608709936,5.741537037700131,4,3,4.0,5.0,4.0,4.0,3,6,4
50,Samsung,Estudiante,60,4394.481677617199,659.978716404831,3.0297232160641627,5,4,6.0,7.0,5.0,5.0,7,7,5
51,Motorola,Ejecutivo,38,2664.070202783268,402.4992486181659,7.658204488387403,1,1,3.0,2.0,4.0,3.0,1,2,4
52,Xiaomi,Creativo,21,1851.23508952227,241.90176274245852,6.736538368100009,6,7,7.0,6.0,7.0,7.0,1,2,5
53,Motorola,Ejecutivo,50,3648.947458239345,625.5555946832033,5.2230875603805,4,3,6.0,7.0,5.0,4.0,8,2,4
54,Motorola,Ingeniero,44,3483.140439858685,543.0223987197392,6.656184139626095,5,4,5.0,5.0,4.0,3.0,8,4,4
55,Apple,Creativo,24,2275.067317003109,343.23962403936383,8.704494985442633,3,2,5.0,6.0,5.0,6.0,2,6,5
56,Apple,Creativo,23,2467.8647680786544,314.91689415426987,7.0983475978185595,3,4,7.0,6.0,6.0,5.0,5,2,8
57,Samsung,Ejecutivo,32,2246.5714329699017,278.889090362673,6.593815199374237,2,3,4.0,4.0,2.0,3.0,5,2,7
58,Samsung,Creativo,35,2728.648102638358,393.85183881546527,6.099806498985627,5,6,7.0,7.0,6.0,6.0,1,5,7
59,Samsung,Ejecutivo,49,3874.5427252254353,546.1818191052238,3.5649812373341248,3,2,5.0,4.0,5.0,5.0,8,6,7
60,Apple,Creativo,28,3286.395588218358,439.5871209554261,7.737517383020115,3,3,3.0,3.0,3.0,4.0,10,6,4
61,Apple,Estudiante,37,3913.2177944866044,568.4347681944129,6.338503645634809,7,7,7.0,7.0,7.0,7.0,10,9,7
62,Samsung,Ejecutivo,41,3266.488341363866,479.1518497907854,7.340585080601878,6,6,6.0,6.0,4.0,4.0,7,6,4
63,Apple,Creativo,32,3020.0049133728035,460.090008028934,5.976794902698577,2,1,3.0,2.0,5.0,4.0,9,3,8
64,Apple,Ingeniero,24,3190.7895824075954,453.42246379242613,8.688696558617696,4,4,5.0,5.0,4.0,5.0,10,4,5
65,Apple,Creativo,38,2564.581981633253,334.3072625119864,7.359234150284204,3,3,4.0,4.0,4.0,4.0,1,5,5
66,Apple,Ingeniero,59,4264.849926356292,591.0814446538814,4.147071686807887,7,7,6.0,6.0,4.0,2.0,8,2,4
67,Samsung,Ingeniero,43,3534.1714747430733,590.7743576727703,3.529138429166331,1,1,5.0,6.0,6.0,6.0,8,6,4
68,Xiaomi,Estudiante,61,4773.930718038372,653.5017233876687,3.387432342555709,1,1,4.0,4.0,2.0,2.0,8,8,8
69,Samsung,Ejecutivo,31,1981.429309731889,315.37351137434683,8.685871124304118,4,4,5.0,5.0,6.0,6.0,5,3,7
70,Apple,Creativo,54,3230.2971080997418,510.52188270368106,4.897055771491909,5,4,6.0,6.0,4.0,5.0,8,4,8
71,Xiaomi,Estudiante,38,2910.6911055523533,430.53989204106955,6.893399705871885,2,3,5.0,4.0,3.0,3.0,2,9,5
72,Samsung,Creativo,35,2938.863831160818,529.2210275943817,6.410833418365032,7,7,7.0,7.0,7.0,6.0,1,6,5
73,Samsung,Ingeniero,22,2661.431976866904,424.30074618142055,7.5765570901368715,6,7,7.0,7.0,6.0,6.0,4,6,7
74,Xiaomi,Ejecutivo,20,2258.771887906136,430.96093560115287,6.132655431300494,7,7,7.0,7.0,7.0,7.0,2,3,5
75,Apple,Creativo,40,2924.293384944858,406.09080764598514,6.794739217055307,1,1,4.0,4.0,6.0,6.0,2,6,4
76,Xiaomi,Creativo,43,3358.2307223780704,472.0373378620396,6.779681204722377,1,2,3.0,3.0,3.0,3.0,7,6,5
77,Samsung,Ingeniero,54,3850.522238137226,603.9551936545846,3.6491377145333113,4,5,5.0,5.0,5.0,5.0,9,2,6
78,Samsung,Creativo,41,3922.5082149938944,575.3029503831241,5.721144878491692,5,6,7.0,7.0,7.0,6.0,8,5,7
79,Apple,Creativo,36,2882.8294717842664,516.7076920122408,6.086258722645709,5,6,5.0,6.0,5.0,5.0,5,6,7
80,Samsung,Ingeniero,42,2908.458293223718,453.35376316510457,6.220153293986286,4,4,3.0,3.0,4.0,4.0,4,6,7
81,Motorola,Estudiante,38,3124.804515035915,416.49196626255144,5.6556364184909045,7,7,6.0,7.0,6.0,6.0,10,10,6
82,Samsung,Ingeniero,29,2549.242659669266,295.54557852318857,8.031340923183002,1,2,3.0,4.0,4.0,3.0,1,5,8
83,Apple,Estudiante,58,3114.503322162664,463.26356870723635,4.271324316124488,7,7,7.0,7.0,6.0,5.0,10,8,4
84,Samsung,Ejecutivo,50,3492.1739691889156,519.3699389016756,2.4505769444153023,7,7,7.0,7.0,7.0,7.0,9,5,7
85,Apple,Estudiante,21,1999.6308772969974,315.632927759969,8.342720275192644,2,3,3.0,3.0,4.0,4.0,2,7,5
86,Apple,Estudiante,59,3678.064067110342,612.2441387543464,5.0963509875907835,1,1,4.0,5.0,4.0,4.0,9,9,4
87,Xiaomi,Ejecutivo,24,2717.791643811486,461.6244117714193,6.447938339735061,5,6,6.0,7.0,4.0,4.0,2,2,5
88,Xiaomi,Estudiante,39,2557.160201694002,354.62897863727864,6.5087269349745736,6,6,7.0,7.0,6.0,6.0,3,7,4
89,Samsung,Ingeniero,50,3727.809309762269,494.48042637411925,6.82995966975421,7,7,7.0,7.0,7.0,7.0,9,5,4
90,Apple,Estudiante,34,2626.0715000781347,332.2046682612667,6.712066375178239,1,1,1.0,1.0,3.0,3.0,5,8,5
91,Samsung,Ejecutivo,41,3103.847502823391,428.7370401574397,7.041628864329489,7,7,6.0,6.0,5.0,5.0,7,6,5
92,Xiaomi,Ingeniero,51,3755.8931455229335,545.0473944264891,4.4578450297634795,2,1,2.0,2.0,3.0,3.0,10,3,4
93,Xiaomi,Ejecutivo,45,2596.2128080544994,404.68502815643325,5.482035711542844,3,2,5.0,5.0,6.0,6.0,2,3,7
94,Xiaomi,Ejecutivo,60,4095.8304458673915,574.3261870353097,3.7953787120736546,1,2,2.0,2.0,4.0,5.0,8,4,5
95,Apple,Creativo,58,5044.473744856603,770.6906602841561,3.8128795736524426,4,3,7.0,7.0,5.0,4.0,7,2,6
96,Apple,Creativo,56,3021.618327060638,471.34475635204825,4.252277954916924,3,2,4.0,4.0,3.0,3.0,9,5,6
97,Apple,Ejecutivo,39,2921.1960181422473,445.3465968511316,4.469318219075682,7,7,5.0,5.0,3.0,3.0,5,4,4
98,Apple,Ejecutivo,34,3261.61966241191,432.8117995111517,6.2691198656167035,4,3,4.0,5.0,4.0,4.0,7,3,8
99,Samsung,Ejecutivo,51,3700.8096239767983,578.5127798583176,6.237806455426784,4,5,5.0,5.0,6.0,7.0,10,3,4
100,Apple,Creativo,23,2493.9834760580165,478.1610028470386,6.736309943148166,4,5,5.0,6.0,5.0,4.0,5,3,4
101,Apple,Creativo,63,2962.166994453692,456.61989051369903,2.633866728526689,1,2,2.0,1.0,1.0,2.0,5,5,7
102,Xiaomi,Estudiante,23,2449.1246873149753,219.7149480646828,7.7612123713947545,5,4,6.0,6.0,6.0,6.0,2,8,7
103,Apple,Estudiante,51,3169.155896883201,537.4173631348253,5.011183143357244,7,7,7.0,7.0,7.0,7.0,10,10,8
104,Apple,Ejecutivo,18,2054.938642291573,273.1034075087666,8.577464719053985,3,4,3.0,2.0,3.0,4.0,2,6,8
105,Samsung,Ingeniero,27,2335.2826345452545,463.57802970657275,7.186261426815361,2,1,5.0,6.0,5.0,4.0,1,2,8
106,Samsung,Ingeniero,38,4039.1665145808165,611.6931497554204,6.271864164458333,5,6,5.0,4.0,5.0,5.0,7,3,8
107,Apple,Creativo,22,2373.3476618829377,271.76711458314935,7.449115226371001,7,7,6.0,6.0,6.0,5.0,1,3,8
108,Apple,Creativo,19,1893.688085368607,180.8183383073534,6.824203844700035,1,1,1.0,2.0,1.0,1.0,2,6,4
109,Apple,Creativo,39,2195.153620373223,406.2600811897774,6.0286081316893485,4,5,6.0,6.0,5.0,4.0,1,3,4
110,Samsung,Ejecutivo,19,2010.5734509249482,356.8812669346059,8.824596996442464,2,2,3.0,3.0,6.0,6.0,1,3,6
111,Samsung,Ingeniero,27,2761.6144391734115,525.5431101643462,7.8150546263523335,7,6,6.0,5.0,6.0,6.0,2,5,6
112,Samsung,Estudiante,51,3509.7240540903886,527.004832392236,3.155757873060712,3,4,3.0,3.0,3.0,4.0,10,10,5
113,Motorola,Ejecutivo,33,2397.1718200312794,356.74927883570786,6.951925363309082,7,6,7.0,7.0,7.0,7.0,3,2,4
114,Xiaomi,Estudiante,56,3513.7066680768407,507.92006060359824,3.50723047414283,5,4,7.0,7.0,6.0,6.0,7,8,8
115,Xiaomi,Estudiante,39,3217.5707177276604,449.72109559618804,7.492164005221381,6,5,4.0,4.0,4.0,4.0,9,8,5
116,Motorola,Ejecutivo,29,2829.6939696545787,404.832617725296,7.4262697829283795,5,6,5.0,4.0,3.0,3.0,2,3,7
117,Xiaomi,Estudiante,41,3730.6050576605594,570.4639252652854,6.796283960130606,7,7,7.0,7.0,7.0,7.0,9,9,4
118,Samsung,Ingeniero,64,3702.500053394821,513.1799686636181,3.6211681444148596,2,3,5.0,5.0,6.0,6.0,10,2,6
119,Motorola,Estudiante,57,4112.988779208808,533.4838495376221,4.233945001102523,7,6,6.0,7.0,5.0,5.0,7,9,4
120,Apple,Ingeniero,55,3689.1480227910665,561.3660351193688,5.995844917653247,7,7,7.0,7.0,5.0,4.0,9,3,4
121,Xiaomi,Ingeniero,27,2303.8828976833597,302.2726547178323,8.272774396625016,1,1,3.0,3.0,5.0,5.0,4,4,4
122,Samsung,Ingeniero,52,3800.912927017001,408.1650528055467,4.917858652247547,3,3,4.0,4.0,3.0,4.0,9,5,4
123,Apple,Creativo,49,3653.828126812474,575.7025885547216,4.900333573862602,2,3,5.0,5.0,4.0,3.0,8,5,7
124,Samsung,Estudiante,24,2464.3840528957867,314.2546560285166,5.89282527446913,7,7,7.0,6.0,7.0,7.0,5,9,6
125,Samsung,Ejecutivo,38,2371.264403902095,388.779133319851,6.524567534874139,4,5,6.0,6.0,5.0,5.0,4,3,4
126,Apple,Ejecutivo,37,2475.0942964167707,403.1565497883147,6.173896030680285,3,2,4.0,5.0,6.0,6.0,4,4,7
127,Xiaomi,Estudiante,43,3892.934137758842,598.119621239968,6.253956047082276,5,5,3.0,4.0,4.0,4.0,9,8,5
128,Apple,Creativo,21,1939.71376625958,415.79795695676177,8.757818841534787,2,1,2.0,1.0,4.0,5.0,3,5,4
129,Apple,Creativo,63,4303.007199008948,638.5484873527233,4.932921095047246,5,5,5.0,4.0,5.0,5.0,8,4,7
130,Samsung,Ingeniero,39,3477.333156021593,507.3179950283095,6.4369929108944035,7,7,7.0,7.0,7.0,7.0,9,6,8
131,Apple,Estudiante,32,2831.721536180409,458.94185149790724,5.753639534871795,5,5,7.0,7.0,6.0,7.0,2,9,5
132,Samsung,Estudiante,57,4123.261315486019,615.7168292172132,2.1506864490818667,5,5,6.0,6.0,5.0,4.0,9,9,6
133,Samsung,Ejecutivo,38,3347.288839621878,560.1180028129821,5.375300139643207,1,2,3.0,3.0,1.0,2.0,8,3,4
134,Apple,Estudiante,32,1541.6681195515,167.80992255394887,8.133488499505068,5,6,7.0,7.0,7.0,7.0,5,9,4
135,Motorola,Creativo,39,2705.0249224197323,343.14501598974283,7.9234914692994405,4,5,3.0,3.0,4.0,3.0,4,5,7
136,Apple,Estudiante,45,3484.302898249796,560.9359093037802,5.262099248230824,4,4,4.0,4.0,3.0,3.0,10,8,6
137,Apple,Ejecutivo,31,3243.8221535288285,428.33277606239403,5.439040745717649,3,2,3.0,4.0,2.0,1.0,7,2,8
138,Samsung,Ingeniero,44,3233.0477798278866,515.4120972963187,4.95158642499716,7,7,7.0,7.0,7.0,7.0,7,6,5
139,Apple,Ejecutivo,58,3477.641769121952,540.1464076788111,5.33780582269787,6,6,7.0,7.0,7.0,7.0,8,2,6
140,Motorola,Ejecutivo,57,3440.956975194749,481.4191319778291,3.708986826472893,5,4,6.0,5.0,6.0,5.0,9,2,4
141,Samsung,Ingeniero,45,3691.930601726537,572.1480982706522,6.089123947667514,5,6,6.0,6.0,5.0,6.0,9,2,7
142,Samsung,Ejecutivo,43,3041.1132088040567,394.4373590313965,5.868558301298036,2,2,3.0,3.0,2.0,2.0,10,5,8
143,Apple,Ejecutivo,19,1946.3999771048316,241.9650002525397,8.810003259037053,1,1,3.0,4.0,5.0,5.0,4,2,7
144,Apple,Estudiante,42,3407.5150968861594,499.2678776123206,7.618010998947038,6,7,5.0,6.0,5.0,4.0,10,9,5
145,Samsung,Estudiante,20,549.2381586532106,86.33211475159263,8.589781475534338,3,4,5.0,4.0,4.0,4.0,4,9,6
146,Samsung,Ingeniero,25,3250.1837557540407,472.3456365137132,7.6469162766379295,6,6,6.0,6.0,7.0,6.0,7,5,7
147,Xiaomi,Estudiante,61,3684.4630824744695,574.325260564826,5.828373565808919,5,6,4.0,4.0,5.0,5.0,7,8,7
148,Apple,Estudiante,50,3620.968184736786,562.5685484629325,5.349552101625061,2,3,3.0,4.0,3.0,4.0,9,9,4
149,Samsung,Ejecutivo,59,3097.6514932518644,541.1160644051869,3.307052502668399,7,6,5.0,4.0,4.0,5.0,7,6,7
150,Samsung,Creativo,52,3388.7294447974814,503.54514936237194,5.487465289769485,1,1,4.0,4.0,6.0,6.0,9,6,8
151,Motorola,Estudiante,23,2772.3440231825484,475.57977503658867,8.14745554213297,7,7,7.0,7.0,6.0,5.0,2,9,6
152,Apple,Creativo,56,2841.9164101670603,472.3237371697537,4.0920976577294,3,2,4.0,5.0,4.0,6.0,1,6,5
153,Samsung,Estudiante,40,3563.1000435945707,649.1638707038429,5.482413947533726,6,7,5.0,4.0,3.0,3.0,9,10,7
154,Apple,Estudiante,42,2963.1519518838077,438.10989178745746,5.501740512685092,3,3,3.0,4.0,5.0,5.0,3,7,8
155,Samsung,Ingeniero,60,4243.582220110096,615.5193969438651,3.4681106424982433,5,4,6.0,6.0,5.0,4.0,9,6,5
156,Samsung,Ingeniero,36,3128.7622067425555,532.1990421235699,6.134240181287108,3,4,4.0,3.0,3.0,4.0,7,2,8
157,Xiaomi,Ingeniero,22,2320.7107497454626,367.3782410488825,6.957203397758138,7,7,5.0,5.0,6.0,7.0,5,4,7
158,Xiaomi,Creativo,28,1967.5246741845867,359.21166196688296,7.586154688159815,2,1,2.0,1.0,1.0,1.0,2,3,7
159,Samsung,Ejecutivo,29,2267.725426732488,375.9987539093482,7.411201313958819,3,2,4.0,3.0,5.0,5.0,4,6,6
160,Xiaomi,Estudiante,27,1619.2219113745923,137.54518213621407,7.645201777229469,4,4,4.0,3.0,3.0,3.0,5,8,4
161,Apple,Estudiante,25,2495.89816579404,393.2008137206651,7.437630660563346,2,3,5.0,5.0,4.0,5.0,1,9,8
162,Xiaomi,Estudiante,41,3901.027577007963,600.7149314487689,5.722336743974937,6,6,7.0,6.0,5.0,6.0,10,7,4
163,Apple,Creativo,45,2337.7795566617688,357.3222786224635,6.942005797653515,1,1,2.0,3.0,2.0,1.0,5,2,4
164,Samsung,Ingeniero,58,3519.177046930982,521.2644043334782,4.267405886837802,1,1,4.0,5.0,4.0,3.0,9,6,5
165,Samsung,Ejecutivo,53,3559.1123620585336,454.2596779190636,5.963766846055476,5,4,6.0,7.0,5.0,5.0,7,6,5
166,Apple,Creativo,54,3786.670711856777,611.7094526404327,3.603584016833686,5,5,6.0,6.0,6.0,6.0,7,5,8
167,Apple,Ingeniero,38,3339.588150717213,519.6266440122566,6.789177834201378,4,3,5.0,5.0,4.0,4.0,10,2,4
168,Samsung,Creativo,25,2173.9000098211663,381.1828363430461,6.765296963339984,6,5,6.0,6.0,3.0,3.0,3,3,6
169,Samsung,Ejecutivo,26,2142.020636777175,244.36531930281353,6.843848071706666,7,7,6.0,6.0,7.0,7.0,3,3,4
170,Samsung,Ingeniero,64,4751.56535303487,738.091527432494,3.188094160072448,1,1,1.0,2.0,2.0,2.0,9,4,5
171,Apple,Creativo,32,2930.9977835316527,427.91670065241976,6.325401031396222,1,2,4.0,4.0,6.0,7.0,2,3,4
172,Samsung,Ejecutivo,63,4419.488987850549,670.1127486738588,3.2303953435181487,1,1,2.0,3.0,2.0,1.0,8,6,7
173,Apple,Estudiante,57,3906.257855794057,574.780696660064,5.517275089890565,7,7,7.0,7.0,7.0,6.0,10,10,7
174,Samsung,Ejecutivo,35,3241.5761054599293,513.4168121929958,6.54541117311764,1,1,2.0,2.0,3.0,4.0,10,6,6
175,Xiaomi,Estudiante,59,3621.8453043848667,535.1331396081509,4.325055389209608,3,3,4.0,3.0,4.0,4.0,10,9,8
176,Apple,Creativo,37,2453.652858906961,315.4521825832596,5.84284003644855,6,6,7.0,7.0,7.0,6.0,4,2,4
177,Xiaomi,Ingeniero,23,2523.050493434662,382.7788449545088,8.556939303718108,2,2,3.0,3.0,3.0,4.0,5,3,7
178,Samsung,Ingeniero,29,1637.4820153765459,234.91357544970683,7.455056278238919,2,3,5.0,5.0,6.0,5.0,2,2,8
179,Apple,Creativo,19,1996.0897548182436,295.24378216629236,7.791071355650262,4,5,5.0,5.0,5.0,6.0,3,6,7
180,Samsung,Ingeniero,24,2041.720823868744,146.8675497783044,6.015716107373357,3,3,5.0,4.0,5.0,5.0,4,3,8
181,Samsung,Ingeniero,33,1947.122634673522,326.2001993794636,6.91629645840187,1,1,4.0,4.0,5.0,6.0,3,3,8
182,Samsung,Estudiante,20,1534.3662101418677,214.4217506539411,8.575679522535458,1,2,3.0,3.0,4.0,4.0,3,10,7
183,Apple,Creativo,62,4045.5119538523254,539.4191143769356,2.8211521616766535,5,4,5.0,4.0,5.0,4.0,7,2,5
184,Motorola,Ejecutivo,20,2516.9816282495112,423.67542007983377,7.704605381300838,5,4,5.0,5.0,4.0,4.0,5,6,8
185,Samsung,Estudiante,44,2873.5210043710945,462.8464370433107,6.137160501460956,4,3,5.0,5.0,5.0,6.0,2,8,4
186,Apple,Creativo,60,4606.690699952496,674.6375951791316,2.429071942878233,1,2,5.0,4.0,4.0,4.0,8,3,7
187,Xiaomi,Estudiante,57,3881.5896137782584,524.6299730907377,3.65114781659011,4,5,3.0,3.0,4.0,4.0,7,10,5
188,Xiaomi,Ejecutivo,55,4405.192351084986,669.6803893967165,4.876908941626401,3,2,2.0,3.0,4.0,4.0,9,5,7
189,Apple,Ejecutivo,50,3197.754195609976,485.81843357087683,6.10501843885161,2,1,2.0,2.0,3.0,3.0,8,5,6
190,Samsung,Creativo,45,3225.5952059473157,530.0559950416864,7.685779812271168,1,1,2.0,1.0,4.0,4.0,10,4,4
191,Samsung,Ejecutivo,18,2084.241801668498,290.44949450725017,10.15865476836709,6,7,7.0,7.0,6.0,5.0,2,6,6
192,Motorola,Estudiante,25,2160.2447686292444,383.78282203763644,7.643769482316009,7,7,7.0,7.0,7.0,7.0,1,10,8
193,Motorola,Ejecutivo,54,4176.512073572618,599.4641608691043,4.115773118518048,3,2,3.0,3.0,5.0,6.0,7,4,8
194,Xiaomi,Estudiante,49,2346.218137354867,284.64113137610894,6.023122267770885,1,1,3.0,2.0,3.0,3.0,5,10,6
195,Apple,Estudiante,60,5211.20276939497,725.0662776353814,3.4564070762763426,7,7,6.0,6.0,7.0,7.0,7,8,6
196,Apple,Ejecutivo,54,4128.88730349758,616.2125185678564,3.837904715054348,6,6,5.0,5.0,4.0,5.0,8,5,8
197,Xiaomi,Creativo,21,1963.2340854824918,291.20938736943714,7.5947339476349,5,4,6.0,6.0,5.0,6.0,5,4,5
198,Samsung,Ingeniero,47,3073.839163211328,477.468931519238,4.869326699822893,4,5,6.0,7.0,6.0,7.0,9,5,4
199,Motorola,Ejecutivo,23,1716.789694275723,252.99975258543634,8.112630623065876,5,6,5.0,4.0,5.0,6.0,2,6,7
200,Xiaomi,Estudiante,63,4472.807737084869,719.7870863659467,3.097598377865638,2,2,5.0,5.0,4.0,4.0,8,9,6
201,Xiaomi,Estudiante,36,3297.490834396177,481.5689202362977,6.485122057297815,5,5,6.0,6.0,7.0,7.0,10,9,4
202,Samsung,Ejecutivo,49,3368.73693593505,405.4967271466867,6.69495345140532,1,1,4.0,5.0,5.0,4.0,10,6,7
203,Apple,Creativo,26,2853.4952064892514,421.969446550098,7.522140714074048,6,5,6.0,7.0,5.0,5.0,2,6,7
204,Motorola,Creativo,29,1996.3699766194388,199.11656210459176,8.616742288121777,5,4,7.0,7.0,7.0,6.0,2,2,6
205,Xiaomi,Estudiante,28,1858.094575006582,292.2837353008722,8.402056601065949,1,2,5.0,4.0,6.0,5.0,5,9,5
206,Samsung,Estudiante,63,5056.670602622775,811.360240342662,4.2920402367006325,2,1,3.0,3.0,3.0,3.0,8,10,5
207,Samsung,Creativo,33,2945.5543067692715,392.5219217012647,6.3458472100614784,7,7,7.0,6.0,7.0,7.0,1,5,4
208,Xiaomi,Ingeniero,18,2598.424100906664,460.69144945559214,9.240507977349104,6,5,5.0,6.0,4.0,5.0,5,6,4
209,Samsung,Ejecutivo,62,3673.0301458061535,593.0960841073446,3.550025081361926,5,5,4.0,5.0,4.0,3.0,9,4,8
210,Samsung,Estudiante,38,2438.237304115635,426.059603388098,6.1979903449730385,4,4,4.0,3.0,5.0,5.0,2,10,5
211,Apple,Estudiante,47,3170.695340271229,485.08249386241584,5.630198674165594,4,5,4.0,4.0,5.0,5.0,10,9,4
212,Apple,Creativo,30,2087.970579230494,263.55732809698304,6.994632527606519,6,6,6.0,6.0,4.0,4.0,5,6,8
213,Xiaomi,Ejecutivo,51,3902.682605114225,624.4431621578407,4.179732281589462,4,5,4.0,4.0,4.0,4.0,7,3,7
214,Samsung,Creativo,21,1674.4369715367773,219.93550039209958,6.372901085017131,5,6,6.0,6.0,6.0,7.0,4,5,4
215,Xiaomi,Ejecutivo,45,2664.165070966355,405.518985950121,6.459132930325479,5,5,6.0,6.0,6.0,5.0,4,6,8
216,Samsung,Ejecutivo,55,3821.007706127616,564.5836062789615,5.070342126806361,6,7,6.0,6.0,6.0,7.0,9,2,5
217,Apple,Ejecutivo,48,2755.006912087393,469.4858296529537,3.4793890075036575,5,5,5.0,5.0,5.0,5.0,5,3,7
218,Xiaomi,Estudiante,44,2300.2680342623053,381.5565554355123,4.853212650463143,7,6,6.0,6.0,6.0,6.0,2,8,4
219,Xiaomi,Ingeniero,22,2166.6286169306386,320.96600262397726,7.979065429273384,1,1,2.0,2.0,3.0,3.0,3,2,5
220,Xiaomi,Creativo,42,2225.389978494895,236.22813709722658,6.2425723535605675,2,2,3.0,2.0,4.0,4.0,4,2,7
221,Xiaomi,Ingeniero,20,2387.6396981477114,326.38458139569667,6.481546341032908,7,7,7.0,7.0,7.0,7.0,1,5,6
222,Xiaomi,Creativo,50,2802.333136873602,455.56108500526113,4.910761333457578,7,7,6.0,5.0,6.0,7.0,3,3,5
223,Samsung,Ejecutivo,21,929.6631067901262,153.45497907084814,8.439654595253964,4,4,4.0,3.0,4.0,3.0,3,2,6
224,Apple,Estudiante,42,2953.101674929603,367.8041545187974,5.448488198100719,1,1,3.0,4.0,3.0,3.0,5,10,4
225,Samsung,Ingeniero,37,2922.2972516482423,348.01518912379186,6.555829648434393,6,7,7.0,7.0,6.0,7.0,3,5,8
226,Samsung,Estudiante,51,3795.7375318409704,579.1360872840183,4.412448117955522,4,5,6.0,6.0,7.0,7.0,10,7,4
227,Motorola,Creativo,43,3236.007849507927,432.5483190404002,6.609196351699522,1,1,2.0,2.0,3.0,3.0,8,6,5
228,Apple,Estudiante,22,1570.3436894411288,187.5117303742905,7.000714286133729,5,6,5.0,5.0,4.0,5.0,2,7,6
229,Motorola,Estudiante,52,3956.530590463302,627.109975008628,3.65792176090562,6,5,6.0,6.0,6.0,7.0,8,7,6
230,Samsung,Ingeniero,45,3730.069253239873,619.6223270067646,5.5289268640615505,6,7,6.0,6.0,6.0,6.0,10,4,7
231,Xiaomi,Ejecutivo,46,2697.1189357722305,367.0327390140196,3.966474027711504,4,4,5.0,6.0,6.0,5.0,4,6,4
232,Apple,Estudiante,26,2209.4969306701933,329.18652421992033,5.29488881193721,5,5,6.0,6.0,6.0,6.0,1,9,4
233,Xiaomi,Ejecutivo,55,3612.77998644549,538.2046646676055,5.583735298054013,4,4,5.0,4.0,4.0,4.0,10,2,5
234,Apple,Creativo,23,2260.1907913940167,330.81841347427667,6.71577551843918,3,2,6.0,5.0,4.0,5.0,4,4,6
235,Samsung,Estudiante,36,2697.538104112946,406.6606394247568,5.0663484174161875,1,1,3.0,4.0,5.0,5.0,3,8,5
236,Samsung,Ingeniero,61,4016.0611139635116,640.2341134865346,3.0882412230503915,3,4,4.0,4.0,6.0,5.0,10,2,5
237,Apple,Creativo,28,2720.9077651208454,374.439947431647,6.3433493685892035,1,2,3.0,3.0,2.0,2.0,4,5,6
238,Apple,Creativo,19,1393.0734501994334,132.69714080411168,7.957888538836456,2,3,3.0,4.0,4.0,4.0,1,6,5
239,Samsung,Ingeniero,64,4568.686567630411,769.8034818247497,2.506513266314033,7,6,6.0,6.0,6.0,7.0,10,3,6
240,Samsung,Estudiante,61,4620.566365765626,747.5560510893464,4.398186142256154,6,7,4.0,5.0,2.0,2.0,8,8,5
241,Motorola,Estudiante,61,4867.067496744434,674.8782309491952,4.546234131157715,4,4,5.0,6.0,4.0,4.0,7,10,8
242,Motorola,Creativo,26,1228.3163379313205,191.02905112849572,6.125008549384465,2,3,5.0,4.0,5.0,4.0,5,6,5
243,Motorola,Estudiante,38,2808.549171442391,471.8174839456642,5.581903377051612,2,2,3.0,3.0,3.0,3.0,1,10,5
244,Apple,Ejecutivo,41,2067.449712823205,347.5696541497827,5.3769427599614135,6,5,7.0,7.0,7.0,7.0,4,4,8
245,Samsung,Ingeniero,51,2332.468155113588,372.97088876350244,4.734992638633658,6,6,6.0,6.0,7.0,7.0,4,2,4
246,Motorola,Ejecutivo,39,3022.0465238037395,444.7956339909738,7.182683516983682,1,1,1.0,1.0,1.0,1.0,10,6,6
247,Apple,Estudiante,20,1800.4241035748191,356.4288117893208,9.140313415002609,3,3,5.0,5.0,5.0,5.0,2,7,7
248,Apple,Creativo,29,2599.925475885373,401.03176500577894,9.598867386165786,5,4,5.0,6.0,5.0,5.0,3,5,8
249,Samsung,Ingeniero,45,3493.0638450436577,498.2116137905141,3.2306260708458217,1,1,4.0,4.0,4.0,4.0,9,4,4
250,Motorola,Estudiante,47,3973.9479790539604,639.6459833003737,4.375704276848371,5,4,4.0,4.0,4.0,5.0,8,8,5
251,Samsung,Estudiante,43,3176.96021265289,481.3469639955045,7.514009181074984,2,1,4.0,4.0,7.0,6.0,8,9,4
252,Apple,Creativo,38,4361.677808659544,671.7415576616127,4.399299682223164,5,6,5.0,6.0,6.0,7.0,9,4,8
253,Apple,Creativo,45,3403.204927492606,520.6381992034512,7.291265064170706,3,2,4.0,5.0,3.0,3.0,7,2,5
254,Apple,Ejecutivo,43,4071.2395222836058,635.5247070308864,5.847351273143245,1,1,3.0,3.0,3.0,2.0,9,3,4
255,Samsung,Ingeniero,50,2333.581099737876,301.114352290721,5.184132773022545,6,5,7.0,7.0,6.0,5.0,3,2,7
256,Samsung,Ingeniero,38,3574.8697647753124,463.67514535779645,4.9202020138805285,3,4,4.0,4.0,3.0,2.0,8,6,6
257,Motorola,Creativo,52,3509.6197551022196,598.149599427012,4.348836779995703,7,7,6.0,6.0,4.0,3.0,7,4,6
258,Xiaomi,Ejecutivo,51,2575.826370286364,398.85318363241305,6.647376359709906,3,4,5.0,5.0,5.0,5.0,2,2,8
259,Samsung,Ingeniero,58,4110.27255461406,655.0832470625379,4.152316864758773,7,7,7.0,7.0,7.0,6.0,7,4,5
260,Apple,Creativo,64,4048.5222310078416,519.290373642295,3.1555009717897944,1,1,2.0,2.0,1.0,1.0,8,5,5
261,Xiaomi,Estudiante,35,3040.0266242240714,509.3381490693358,6.905719196379236,6,5,5.0,5.0,7.0,7.0,8,9,6
262,Motorola,Ingeniero,28,2905.538228775539,409.7564520485425,7.0077823996973425,3,2,5.0,5.0,4.0,5.0,4,6,4
263,Samsung,Ejecutivo,40,2255.424941619202,298.00283290242805,6.345151149806441,7,7,7.0,6.0,6.0,6.0,1,2,5
264,Apple,Ejecutivo,39,3457.459491227579,515.4502653025374,5.250258667840078,6,6,5.0,5.0,6.0,6.0,10,3,7
265,Motorola,Ejecutivo,34,2703.2397421103583,356.58695078942753,6.522847351391895,4,5,5.0,5.0,5.0,5.0,4,6,7
266,Xiaomi,Estudiante,22,2776.4205873466362,416.3765031907151,7.1589237345592815,4,5,4.0,5.0,3.0,3.0,2,10,5
267,Samsung,Ingeniero,61,3947.4258855010657,585.2969654744355,2.0960333593053218,4,3,5.0,5.0,5.0,5.0,10,5,5
268,Xiaomi,Ingeniero,28,2164.7955537342896,377.73912832183754,7.6819577872476845,5,5,5.0,6.0,7.0,6.0,3,4,6
269,Apple,Estudiante,47,3363.5270203444757,580.1962781586448,4.066227158444445,3,3,4.0,3.0,4.0,3.0,9,7,8
270,Samsung,Ingeniero,32,2650.930353189927,471.71534262056815,6.6352590698958975,1,1,4.0,3.0,3.0,4.0,1,3,6
271,Xiaomi,Estudiante,44,2868.6075992541323,317.06539091831405,6.5260682458279105,1,1,1.0,1.0,2.0,2.0,3,7,8
272,Xiaomi,Estudiante,52,3351.847634522358,456.0188036861894,3.3021865434595696,5,6,6.0,7.0,6.0,6.0,10,7,7
273,Motorola,Estudiante,50,2886.562232743105,319.2399967203476,5.604684096949602,1,2,4.0,4.0,7.0,7.0,2,10,8
274,Motorola,Ejecutivo,37,2632.677455104903,335.22450454398387,6.0001865430313375,7,7,6.0,7.0,5.0,6.0,5,5,6
275,Apple,Ingeniero,33,2988.1550299987894,415.7473439546268,5.733476599072936,4,3,6.0,6.0,7.0,7.0,2,3,5
276,Apple,Estudiante,51,3481.322913046928,542.7265177183864,6.922923288886068,3,2,3.0,3.0,5.0,5.0,10,9,8
277,Samsung,Ingeniero,19,2454.532648023664,342.1832354789226,8.099443704245164,1,2,2.0,2.0,2.0,3.0,3,5,6
278,Xiaomi,Ejecutivo,52,3507.2852661734632,501.48928637858717,4.231907110423259,1,2,2.0,2.0,3.0,3.0,9,5,7
279,Xiaomi,Estudiante,57,3134.241001138343,479.22438433073955,3.519787077633598,2,2,4.0,5.0,3.0,4.0,10,9,8
280,Apple,Creativo,45,3548.6374437782915,446.8301343063531,6.381162468436696,2,2,2.0,1.0,2.0,2.0,8,2,7
281,Motorola,Ejecutivo,64,3863.188429483299,537.5486067743017,2.987943773536588,2,3,5.0,5.0,5.0,4.0,9,5,7
282,Apple,Creativo,56,3683.3163556182326,527.3196220518662,5.156518098541025,3,4,4.0,4.0,4.0,5.0,10,5,4
283,Samsung,Ingeniero,23,2768.7860237420587,405.1978041297416,7.697520168876839,4,4,5.0,5.0,4.0,3.0,3,6,8
284,Samsung,Ingeniero,26,1719.5647701392431,261.7824150321637,8.516188064433848,6,7,7.0,7.0,7.0,6.0,5,2,6
285,Xiaomi,Ejecutivo,37,2932.371893732193,514.8882735464811,5.257460552517116,4,4,5.0,4.0,5.0,4.0,4,5,8
286,Samsung,Ingeniero,18,1879.740824982104,327.3779318013703,7.296936760903995,4,4,4.0,3.0,5.0,5.0,5,5,8
287,Apple,Creativo,25,2600.4628577185513,351.60392743318596,7.218994685969932,3,3,5.0,5.0,6.0,6.0,1,3,7
288,Apple,Estudiante,40,3427.576682741011,501.0700494385783,5.801933502475224,7,6,6.0,7.0,6.0,6.0,8,8,7
289,Samsung,Estudiante,20,2131.919502124446,303.3159684640607,7.645442971302989,7,6,6.0,6.0,6.0,6.0,2,8,7
290,Xiaomi,Estudiante,21,1869.8126767098001,254.76427568043286,10.531440405426519,3,4,5.0,4.0,5.0,5.0,3,10,7
291,Samsung,Ejecutivo,42,3336.6862520129803,514.1287290929926,7.863247004351908,2,2,4.0,3.0,5.0,6.0,10,2,6
292,Samsung,Ingeniero,64,4867.8279485722815,637.1852146372968,3.899055074821043,1,1,4.0,4.0,5.0,4.0,7,2,5
293,Xiaomi,Creativo,55,3736.3550301801497,604.4889739273466,4.916972074050458,5,6,5.0,6.0,6.0,5.0,8,3,4
294,Samsung,Ingeniero,32,2466.3719427884866,454.6333309540408,6.563567819920419,5,6,5.0,5.0,5.0,5.0,4,3,7
295,Samsung,Ingeniero,38,3094.085128833995,450.6207422915084,5.150174466481868,6,7,6.0,7.0,7.0,7.0,7,6,7
296,Samsung,Ingeniero,52,3619.363510184806,528.4363052718294,4.617927759444748,1,2,2.0,2.0,3.0,3.0,9,5,4
297,Xiaomi,Estudiante,63,3481.1452880411007,530.0240055665986,4.471117751462053,6,7,6.0,6.0,4.0,4.0,10,8,7
298,Apple,Creativo,31,2669.665400198741,451.4191088778216,8.20562676156801,2,2,4.0,5.0,4.0,4.0,5,5,5
299,Apple,Creativo,53,2976.618795618118,430.27813350185556,5.695708420522704,6,7,7.0,7.0,7.0,7.0,1,4,8
300,Samsung,Ingeniero,29,2637.2403232042225,442.2833067857202,5.590225706845788,1,1,2.0,2.0,3.0,2.0,4,3,4
301,Samsung,Estudiante,34,2301.4286377967164,369.6390292921696,6.310772321846287,1,1,2.0,2.0,3.0,3.0,3,9,6
302,Apple,Estudiante,56,3818.437402093173,690.8461825142105,2.931132435134007,5,6,5.0,5.0,4.0,4.0,9,8,4
303,Apple,Creativo,26,2495.2969530996183,357.861442206828,8.568843557402719,7,6,7.0,7.0,7.0,7.0,4,3,5
304,Xiaomi,Estudiante,52,4826.951672971785,625.2427285597262,4.3876156051996675,2,2,4.0,3.0,4.0,4.0,7,10,6
305,Xiaomi,Estudiante,30,2871.374980893462,359.0592910997436,6.952889884368967,3,3,5.0,6.0,6.0,6.0,4,8,8
306,Motorola,Estudiante,32,3282.3994048711675,492.95632260068294,7.280050268005001,6,5,7.0,6.0,5.0,6.0,7,9,7
307,Apple,Ejecutivo,35,3685.873909346962,604.2751911030819,9.266139919811899,5,6,4.0,5.0,4.0,5.0,8,6,4
308,Samsung,Ingeniero,50,3744.6279584997224,529.0687367539222,5.268274939789526,6,7,6.0,5.0,5.0,5.0,10,3,6
309,Xiaomi,Creativo,23,2292.8449001335994,332.38011252627336,7.461728962193748,6,5,5.0,5.0,7.0,7.0,1,2,4
310,Apple,Creativo,44,2666.639445586892,434.2380537046126,4.358957878796359,3,2,5.0,5.0,6.0,6.0,4,6,8
311,Apple,Ejecutivo,40,2941.685033799803,392.99112502604754,7.458639448503106,2,1,1.0,3.0,1.0,1.0,1,6,4
312,Samsung,Ingeniero,44,2838.456135182069,395.20495031756946,5.418363535702924,1,2,1.0,2.0,1.0,1.0,4,6,6
313,Apple,Creativo,51,3349.4705749378068,444.03425186015795,6.557142464927699,4,5,4.0,5.0,5.0,6.0,7,4,5
314,Motorola,Estudiante,63,5085.331688096234,821.7111578585632,4.8056131129487225,6,7,7.0,6.0,7.0,7.0,10,10,6
315,Xiaomi,Creativo,55,3807.3107545999947,648.1802537798176,4.037043897391528,4,3,4.0,4.0,5.0,4.0,8,4,4
316,Xiaomi,Estudiante,31,2112.0502111419455,237.8367821966388,5.507723819144096,2,3,3.0,3.0,4.0,4.0,1,8,8
317,Apple,Ejecutivo,53,4337.266727345652,643.4807341524365,4.972569117203606,4,4,4.0,5.0,6.0,5.0,10,2,7
318,Samsung,Estudiante,25,2727.6377381187244,479.50860947105593,6.885096471228398,6,5,6.0,7.0,7.0,7.0,3,7,7
319,Samsung,Creativo,52,4103.8267463001985,635.5087711261416,4.839345842456305,3,4,3.0,3.0,3.0,3.0,10,3,8
320,Samsung,Creativo,36,1796.9348984488026,245.07827311736565,7.449049606854338,4,3,4.0,4.0,3.0,3.0,2,6,4
321,Apple,Creativo,47,4324.335478860743,571.3422158485665,3.6464178843751665,2,2,5.0,5.0,3.0,3.0,7,2,8
322,Xiaomi,Ejecutivo,31,2270.7426289530563,398.25862193410165,7.1646138440682146,2,2,4.0,3.0,4.0,4.0,1,4,4
323,Xiaomi,Ejecutivo,37,3238.977386396378,503.8723687066815,7.0595961908857365,7,6,7.0,7.0,5.0,5.0,9,6,6
324,Samsung,Ingeniero,42,4361.899895308516,580.6356649091896,6.608110561756063,7,6,7.0,7.0,7.0,7.0,8,2,5
325,Apple,Creativo,57,4927.666374095309,798.6445088080458,2.9364578288125767,3,3,4.0,4.0,4.0,3.0,9,6,4
326,Xiaomi,Estudiante,41,2561.2189372636567,304.162662501655,6.319336469773964,4,3,5.0,6.0,7.0,7.0,1,8,7
327,Xiaomi,Ejecutivo,31,1827.7413314988635,263.1368920164589,8.103536581906694,4,4,6.0,6.0,6.0,6.0,1,5,7
328,Apple,Creativo,43,3865.1732994239637,566.5452597449881,6.043233798400076,7,7,7.0,7.0,7.0,7.0,8,2,5
329,Apple,Creativo,55,3821.0279057969997,654.0732523119417,4.384305793891463,1,2,3.0,2.0,1.0,2.0,9,4,4
330,Samsung,Ejecutivo,40,2749.55927934896,399.38158230833636,7.139612940573444,5,4,6.0,7.0,5.0,5.0,4,6,5
331,Apple,Ingeniero,39,3260.609273469524,475.8592567053923,5.40568118956117,2,1,1.0,1.0,2.0,3.0,8,6,6
332,Xiaomi,Ejecutivo,36,2718.5602112702795,339.6301144456572,4.870167091796731,1,2,4.0,4.0,4.0,4.0,1,6,5
333,Samsung,Ejecutivo,63,4500.6620685243715,643.0794263257254,3.4994021850690675,2,2,3.0,2.0,6.0,5.0,9,3,6
334,Samsung,Estudiante,20,2033.4909039093664,264.15886254237284,8.535045191703999,1,1,3.0,4.0,4.0,3.0,3,8,7
335,Samsung,Estudiante,59,4311.193964164084,608.4179763243778,5.138936761436433,7,7,6.0,6.0,6.0,6.0,7,7,6
336,Samsung,Ingeniero,36,2352.733655431806,353.2242745593645,6.9305025741679325,7,7,6.0,5.0,4.0,5.0,5,5,4
337,Apple,Creativo,26,3012.2310065663173,330.125831692818,8.235821068724858,5,4,6.0,6.0,7.0,7.0,10,3,4
338,Xiaomi,Ejecutivo,45,3598.811685366219,464.310240534088,6.545311430103959,1,2,1.0,1.0,1.0,1.0,10,2,4
339,Samsung,Ingeniero,37,3173.1486847017864,470.42135902491015,5.9606229937018895,2,2,3.0,2.0,4.0,4.0,7,4,4
340,Samsung,Estudiante,62,3541.1650364940033,537.2374896292971,3.65206069809241,4,5,4.0,4.0,5.0,5.0,8,9,8
341,Apple,Ejecutivo,24,3049.816208322123,445.8007913161237,8.887167793149874,2,2,3.0,3.0,4.0,3.0,10,2,6
342,Apple,Creativo,31,2543.141950316866,379.4315680582818,5.689842975769313,6,6,7.0,7.0,7.0,7.0,3,6,4
343,Samsung,Estudiante,26,2664.0244312149207,379.14783399947555,7.829132861522296,7,6,6.0,6.0,6.0,5.0,5,10,5
344,Apple,Estudiante,36,2638.5877681266957,394.8629350575212,5.683291171082979,3,4,4.0,4.0,6.0,7.0,4,8,5
345,Apple,Estudiante,64,4330.444532341049,671.2737908642681,4.700261603230969,3,3,5.0,4.0,4.0,3.0,9,10,8
346,Samsung,Ingeniero,31,2698.563676059702,426.1412378433384,6.882064519424861,7,7,6.0,6.0,7.0,7.0,3,4,6
347,Apple,Creativo,55,2340.0345339982896,316.55725952681865,4.507593935378124,6,7,6.0,5.0,5.0,6.0,4,2,6
348,Samsung,Ejecutivo,53,3941.2240623274156,636.9383463282599,6.428879887396685,3,3,5.0,5.0,5.0,4.0,9,4,6
349,Samsung,Ingeniero,57,4832.670730861042,732.7560443543223,3.2239572205513536,7,7,7.0,7.0,5.0,5.0,8,6,8
350,Xiaomi,Ingeniero,34,2969.8901294959787,507.09421724138525,6.815819473218602,3,2,5.0,4.0,4.0,5.0,4,5,6
351,Samsung,Ingeniero,47,2871.145875555131,502.31550289662374,5.119873868902179,7,7,7.0,7.0,7.0,6.0,1,5,6
352,Motorola,Estudiante,26,2624.980783076943,321.6107813928792,7.932411316043032,5,5,4.0,4.0,5.0,4.0,5,10,4
353,Xiaomi,Creativo,50,4029.7402650866698,561.509662819565,6.929330786688946,4,5,4.0,4.0,5.0,4.0,7,5,6
354,Samsung,Ingeniero,42,3356.2332580951934,544.1123907128065,5.194758490074817,4,5,5.0,5.0,4.0,5.0,7,2,4
355,Samsung,Ejecutivo,31,2512.936446784978,293.6958460112993,5.702602287645956,2,3,1.0,2.0,4.0,4.0,4,2,4
356,Xiaomi,Creativo,28,2278.9253870880348,412.84765619787385,6.390672574317993,6,7,6.0,6.0,5.0,5.0,3,2,6
357,Samsung,Ejecutivo,52,3476.8451223165966,504.33265860685634,4.567181917779081,7,7,6.0,6.0,6.0,6.0,7,6,5
358,Apple,Creativo,58,4248.888450505607,666.0849193312919,4.264230833703326,1,1,4.0,4.0,4.0,4.0,8,5,7
359,Motorola,Ejecutivo,31,1846.438002470186,271.14616722748906,7.014528795786583,2,1,4.0,3.0,4.0,3.0,4,5,5
360,Xiaomi,Estudiante,47,3164.063419572297,404.9900365466602,7.102660951175434,2,1,5.0,5.0,5.0,5.0,10,9,6
361,Samsung,Ingeniero,58,4697.804911505475,757.4479668324199,5.824839044654841,7,6,7.0,7.0,6.0,5.0,7,3,6
362,Xiaomi,Ejecutivo,21,2867.097633288588,567.6007965201547,9.20294648906696,7,7,7.0,7.0,6.0,7.0,2,3,5
363,Apple,Creativo,21,1310.926456099169,170.88855459709075,10.414438636617342,2,2,3.0,3.0,2.0,3.0,3,5,6
364,Samsung,Ingeniero,45,2684.2931943681956,386.5260516129672,6.3240984566626315,2,2,3.0,3.0,3.0,2.0,3,5,4
365,Motorola,Ingeniero,25,2114.6897102360317,184.7484793720518,8.60835508351264,4,4,7.0,7.0,7.0,6.0,3,4,8
366,Apple,Creativo,19,2396.294758557176,427.01935895638246,8.904770521893766,1,2,4.0,3.0,5.0,5.0,3,5,6
367,Motorola,Ejecutivo,58,2986.2628229735046,493.5276895881258,4.840905313793786,2,2,2.0,3.0,3.0,2.0,4,2,6
368,Motorola,Estudiante,63,4122.595682541261,531.7201592784435,4.094396524182841,4,5,7.0,7.0,7.0,7.0,7,7,5
369,Samsung,Estudiante,39,2712.9104217101776,303.69229015418233,5.7031429550846795,2,2,3.0,3.0,4.0,3.0,4,10,4
370,Samsung,Ejecutivo,58,4562.982337142617,586.9857864131293,2.9532217521621345,3,2,4.0,4.0,5.0,5.0,9,5,5
371,Samsung,Ingeniero,33,1811.5457630153728,303.9903207209468,6.569346031037886,2,3,4.0,3.0,4.0,4.0,3,2,5
372,Samsung,Ingeniero,46,3346.2703077468113,539.1901171427259,5.965773699672063,7,7,5.0,5.0,6.0,6.0,8,4,6
373,Samsung,Ingeniero,47,3153.195281325703,426.812594980416,5.37226190097399,6,5,5.0,5.0,5.0,5.0,9,5,4
374,Xiaomi,Ingeniero,29,3184.899463138644,502.6979210399365,6.034664305880744,6,5,7.0,7.0,7.0,7.0,8,3,6
375,Samsung,Ejecutivo,52,3898.826323176625,592.7678045260513,4.6341169500166215,2,1,3.0,4.0,3.0,3.0,9,3,6
376,Samsung,Ingeniero,28,2107.092170371133,297.70034021295896,6.981997191416862,5,6,6.0,7.0,7.0,7.0,2,3,6
377,Apple,Creativo,63,4576.693221664541,735.0138245839462,3.6376453580312194,3,4,4.0,4.0,3.0,3.0,9,6,6
378,Samsung,Ingeniero,38,2705.585573345713,345.591055940455,6.690915348926659,1,1,3.0,3.0,3.0,2.0,2,6,8
379,Xiaomi,Estudiante,38,3399.664855619877,567.3266890226763,6.906258036910302,2,1,5.0,5.0,4.0,4.0,9,7,7
380,Samsung,Ingeniero,22,1981.461504557211,260.79314798286396,7.299948549025447,1,1,3.0,2.0,5.0,5.0,2,5,4
381,Samsung,Ejecutivo,37,3377.3332893843817,595.6768275060094,7.281121188012514,3,3,4.0,3.0,3.0,4.0,8,5,8
382,Xiaomi,Estudiante,54,3918.040977563625,537.4408454604704,5.731638119668312,2,1,3.0,3.0,4.0,4.0,7,8,7
383,Xiaomi,Ejecutivo,20,3630.2455403457116,526.9582271218503,8.320301933048546,5,5,5.0,5.0,5.0,4.0,9,5,7
384,Motorola,Ejecutivo,61,4023.551997291998,606.4621564709173,4.564750271953068,4,5,6.0,6.0,6.0,6.0,8,2,7
385,Xiaomi,Estudiante,50,3691.431145810724,556.3305992627328,5.984231442461949,5,5,6.0,6.0,6.0,6.0,9,10,8
386,Xiaomi,Ejecutivo,26,2060.2876291420343,333.58456940220987,6.3023553504205285,7,6,6.0,5.0,5.0,6.0,3,3,4
387,Samsung,Ejecutivo,26,2301.3426703773894,280.9172796442746,8.454731334981796,5,6,6.0,5.0,4.0,4.0,3,3,5
388,Samsung,Ingeniero,21,699.0824329252796,102.99674452646019,7.109939127402047,4,5,5.0,4.0,6.0,6.0,4,2,7
389,Apple,Creativo,52,3832.792008270516,581.8253865607135,4.107298363371621,7,7,7.0,6.0,7.0,7.0,7,5,5
390,Xiaomi,Ejecutivo,34,3371.4371064747056,479.32865476979947,6.796289167814761,4,4,4.0,4.0,5.0,5.0,9,6,5
391,Motorola,Ejecutivo,51,3748.315002299677,582.4501812179225,2.75595987432533,6,7,7.0,7.0,7.0,7.0,10,5,6
392,Apple,Ejecutivo,41,2393.0692710113112,291.64189497730763,6.075620308225759,4,4,5.0,5.0,4.0,4.0,1,5,5
393,Samsung,Ingeniero,49,3049.1064236454995,441.04326909429074,6.081780946955802,2,1,4.0,4.0,5.0,4.0,9,3,6
394,Apple,Creativo,18,684.903936421865,65.07638424309644,6.554076153553982,1,1,2.0,2.0,2.0,2.0,3,3,4
395,Apple,Estudiante,25,2739.4620034327118,394.7477540374558,8.589009324546451,6,6,5.0,6.0,6.0,6.0,3,7,4
396,Samsung,Ingeniero,62,3596.74335364521,611.8632760428417,3.101212381472545,6,7,7.0,7.0,7.0,7.0,9,3,6
397,Motorola,Ingeniero,40,2985.645704893886,521.1696420419529,6.206861780492801,1,1,5.0,5.0,4.0,4.0,5,5,4
398,Apple,Creativo,64,4123.13121383639,681.9905051045196,3.046425492994538,6,6,6.0,5.0,6.0,6.0,8,2,7
399,Xiaomi,Creativo,57,4593.863517829133,665.9666636703274,4.872918484129046,4,4,6.0,6.0,5.0,6.0,8,6,4
400,Xiaomi,Ingeniero,29,2492.6406589828694,419.27701268744073,8.124947556163763,5,4,7.0,7.0,7.0,6.0,3,2,6
401,Samsung,Estudiante,29,2854.446460053005,433.7850753542409,7.747010364382497,3,3,3.0,3.0,4.0,5.0,5,10,7
402,Motorola,Ingeniero,63,4423.231882073831,665.764267486225,3.696018850506299,4,3,4.0,4.0,5.0,5.0,10,6,5
403,Apple,Creativo,64,4879.7057099807,728.0877891161465,3.1241446634065744,7,6,7.0,7.0,7.0,7.0,7,2,5
404,Xiaomi,Estudiante,32,2480.4381527485207,459.9866157812344,6.730697970628887,7,6,7.0,7.0,7.0,6.0,1,9,5
405,Apple,Creativo,58,4834.807665252259,793.5130800656619,4.855971464959641,5,4,5.0,5.0,5.0,6.0,9,5,6
406,Motorola,Estudiante,36,1807.1689218003426,308.3201591924062,7.090266399172919,5,6,6.0,6.0,5.0,4.0,1,7,5
407,Apple,Ejecutivo,43,3578.736749000618,528.2954640745614,6.250826582176122,6,5,5.0,5.0,6.0,7.0,8,5,4
408,Samsung,Creativo,46,2866.690195667934,431.9815672629182,4.117422458442955,2,2,4.0,2.0,2.0,2.0,5,6,5
409,Apple,Creativo,39,2703.6252236100236,432.07211376839024,6.07697754156459,2,1,2.0,1.0,3.0,3.0,3,6,8
410,Samsung,Ingeniero,57,4134.707133450518,594.1256244248765,3.666571035802848,6,6,5.0,5.0,4.0,5.0,7,3,8
411,Apple,Creativo,38,3180.7010249238715,524.0209395368059,6.864929019905827,6,5,5.0,5.0,5.0,6.0,8,5,5
412,Apple,Creativo,55,4053.214006845036,561.91984545461,3.735028246621403,1,2,3.0,3.0,2.0,2.0,10,4,5
413,Motorola,Ejecutivo,37,2156.921027947381,343.1303385919774,6.752053758084225,1,1,2.0,2.0,4.0,4.0,3,6,8
414,Xiaomi,Creativo,46,4024.51511563962,489.1914898563115,5.1178122391854695,3,2,3.0,3.0,2.0,2.0,9,2,5
415,Xiaomi,Ejecutivo,21,1599.6764408861623,212.42053980281784,6.0209038167342595,3,4,5.0,4.0,6.0,6.0,3,3,7
416,Apple,Ejecutivo,24,1816.3564548874006,376.33732487908225,8.530959285887997,3,2,6.0,6.0,5.0,4.0,3,3,8
417,Samsung,Ejecutivo,45,3568.9483690834145,587.1518300821076,5.474712778136042,3,3,5.0,5.0,6.0,5.0,9,6,6
418,Apple,Ejecutivo,45,3106.6394126193795,542.7693343896331,6.775977295765692,5,4,7.0,7.0,6.0,6.0,10,4,8
419,Xiaomi,Estudiante,21,2204.130420281246,297.2541796744678,6.234690921322363,5,4,7.0,7.0,6.0,6.0,4,8,4
420,Samsung,Ingeniero,39,1871.699651683606,285.9435895925627,5.808478689082504,1,1,2.0,2.0,3.0,2.0,4,5,7
421,Xiaomi,Estudiante,29,2592.162224759616,452.9239463686576,6.883595579040135,2,3,4.0,4.0,3.0,4.0,5,9,6
422,Apple,Creativo,62,4208.915939756107,662.9921376986849,4.0702062912383115,6,5,6.0,6.0,5.0,5.0,8,6,5
423,Samsung,Estudiante,20,1745.0707311178585,287.1889035355947,6.674812695843,7,6,7.0,7.0,7.0,7.0,1,8,4
424,Apple,Estudiante,39,1912.9620201176053,368.47340153414393,6.644037856773778,2,2,3.0,3.0,4.0,5.0,4,7,4
425,Samsung,Creativo,61,3943.5958692591976,539.5166321081832,5.811662406281033,4,3,4.0,4.0,4.0,3.0,8,5,7
426,Apple,Creativo,19,1931.3130701006935,280.4850585428289,8.574537346465531,5,4,7.0,6.0,7.0,6.0,5,4,6
427,Apple,Creativo,41,2866.3855048347523,342.25354759174513,5.9928724018235116,3,2,4.0,4.0,4.0,4.0,4,2,4
428,Motorola,Estudiante,51,2631.912767783751,340.0316125707826,3.522542592974626,3,2,3.0,4.0,4.0,4.0,4,8,6
429,Apple,Estudiante,44,3997.367003658458,653.3143201577172,4.825753886442975,4,4,4.0,5.0,5.0,5.0,7,8,6
430,Apple,Creativo,58,3580.5692360278135,491.21792209456584,4.144155099177226,2,2,3.0,2.0,4.0,4.0,8,2,4
431,Samsung,Ingeniero,18,1788.8976685385496,305.1108629870373,7.67022352915717,3,4,3.0,3.0,3.0,3.0,3,6,6
432,Xiaomi,Ingeniero,25,1045.2628393908547,239.71367800703223,8.526256426270985,2,1,3.0,3.0,2.0,3.0,2,6,7
433,Xiaomi,Ejecutivo,40,3797.4276743491037,560.7172424027685,6.533703200968638,6,7,7.0,7.0,4.0,5.0,7,3,4
434,Samsung,Creativo,55,3516.725034132972,553.5019271099363,7.192378587646971,4,5,5.0,4.0,5.0,5.0,9,6,7
435,Samsung,Ejecutivo,23,2199.2314085371013,367.0503177577112,6.7191415635757075,7,6,6.0,6.0,4.0,3.0,2,5,7
436,Samsung,Ingeniero,39,3510.3687224083255,465.4805552079205,6.133114611391733,2,2,5.0,4.0,5.0,4.0,7,5,6
437,Samsung,Ejecutivo,42,2761.8478976416873,383.4545673812007,4.416507627465709,6,6,4.0,4.0,6.0,6.0,1,2,6
438,Apple,Creativo,35,3231.622493693272,434.5603134704007,4.277559225409675,2,1,4.0,4.0,3.0,3.0,10,5,4
439,Xiaomi,Creativo,34,1669.3372720294292,223.56443530026294,7.322720979453153,2,1,3.0,3.0,2.0,3.0,5,6,5
440,Apple,Creativo,29,2725.4933287856566,444.62953422190344,7.5966153829673555,3,3,3.0,3.0,4.0,5.0,4,6,4
441,Samsung,Estudiante,23,2936.1210832598263,410.65832594185935,6.84540956535421,1,1,3.0,3.0,1.0,2.0,4,7,7
442,Motorola,Ejecutivo,43,2859.791576390985,427.2110751120569,5.793029619593423,5,4,5.0,5.0,6.0,5.0,5,4,6
443,Apple,Ingeniero,44,3759.4408101491995,511.7930406758181,4.970732401074455,2,1,5.0,5.0,6.0,6.0,7,5,7
444,Samsung,Ingeniero,25,3166.9613260968918,536.3653071412189,7.005792545156724,2,2,4.0,5.0,4.0,3.0,7,3,8
445,Samsung,Ingeniero,36,2672.5790809729906,373.6313626347817,6.079715387233726,2,3,5.0,5.0,4.0,3.0,2,5,8
446,Motorola,Estudiante,59,3781.2358570750694,643.3344061567581,3.203434822595722,1,2,2.0,2.0,3.0,4.0,9,8,7
447,Motorola,Estudiante,18,1450.853127083848,220.6744237550452,7.483350090180043,6,5,7.0,7.0,6.0,6.0,5,8,5
448,Xiaomi,Creativo,46,3045.1349224074334,386.42025946296104,4.7115645560557455,7,7,6.0,5.0,6.0,6.0,10,5,5
449,Apple,Ingeniero,62,3692.32005486369,545.2966709022722,4.22287884675333,7,6,7.0,6.0,5.0,5.0,8,2,4
450,Samsung,Estudiante,52,3150.4444507863864,419.42782624464974,2.0257798240151854,4,4,4.0,3.0,6.0,6.0,9,9,4
451,Xiaomi,Creativo,57,4449.4176483556785,696.8801161222594,4.072370738515197,3,2,5.0,5.0,5.0,6.0,10,6,4
452,Xiaomi,Ingeniero,31,2155.03698735587,310.1874089870372,5.812318123462327,1,1,3.0,3.0,4.0,4.0,4,4,6
453,Apple,Ejecutivo,52,3729.2609573598115,567.5496563553394,3.748447313774719,6,6,5.0,5.0,7.0,7.0,7,6,5
454,Motorola,Creativo,62,4119.116717608119,599.3998521388896,3.274346625916275,2,3,4.0,4.0,5.0,6.0,8,2,7
455,Samsung,Estudiante,37,3599.0472812855614,512.0899769996679,6.285660290026842,6,5,6.0,5.0,6.0,6.0,9,10,8
456,Apple,Estudiante,30,2248.421883972493,288.58218211509256,6.785588138293306,1,2,2.0,1.0,1.0,1.0,2,8,5
457,Apple,Creativo,55,3940.574023327161,632.8972503401505,3.435939490201796,1,2,3.0,2.0,2.0,2.0,8,6,5
458,Apple,Creativo,63,4545.534851138054,673.1725725807232,4.421696518445576,1,1,1.0,2.0,3.0,2.0,9,5,5
459,Samsung,Estudiante,25,2994.8748036602906,433.49667586412437,6.59739601313951,4,3,6.0,6.0,4.0,4.0,2,10,4
460,Samsung,Ejecutivo,60,3741.1233274773667,551.257804199497,3.2652937440738823,5,5,5.0,5.0,5.0,4.0,8,2,6
461,Samsung,Ingeniero,37,2541.0537656338097,347.21497517078274,6.5844917858945164,3,3,4.0,3.0,3.0,4.0,4,6,7
462,Xiaomi,Ejecutivo,50,2969.109473019974,429.7988496141948,5.320368564292742,4,4,5.0,5.0,5.0,5.0,5,3,4
463,Apple,Creativo,43,4268.14981042412,650.5039622982924,5.088300338867022,4,3,6.0,7.0,7.0,7.0,9,5,6
464,Xiaomi,Ejecutivo,56,4492.236219090194,622.1285829106907,1.463837969900843,5,4,7.0,7.0,7.0,7.0,8,3,5
465,Motorola,Estudiante,38,2878.899302843978,387.3672957726363,5.314509113412151,4,4,6.0,6.0,5.0,5.0,5,10,6
466,Apple,Creativo,59,4915.7195755635275,806.2721410156628,4.261888186240256,1,1,3.0,2.0,3.0,3.0,10,6,4
467,Samsung,Ingeniero,60,3949.0683028171716,574.222418782598,4.6886080536900305,1,1,2.0,2.0,1.0,1.0,8,5,5
468,Motorola,Estudiante,58,4262.205235716765,611.7527449113143,4.120703342471552,6,5,6.0,7.0,6.0,6.0,10,8,4
469,Samsung,Estudiante,26,2305.0859508613603,278.5693123512402,6.921013952924385,2,1,4.0,4.0,4.0,4.0,4,10,7
470,Motorola,Ingeniero,41,3248.902725875236,529.8692907549973,8.193211005699323,4,5,6.0,5.0,7.0,7.0,8,2,5
471,Samsung,Ingeniero,54,3845.8807212667734,524.0858175144738,4.227513878494645,2,2,4.0,4.0,2.0,2.0,9,6,6
472,Motorola,Ejecutivo,58,3687.5073133116753,552.3614639486783,4.812232686791105,3,4,3.0,3.0,4.0,3.0,7,4,4
473,Apple,Creativo,34,3246.2492690426766,401.52813689057194,5.264947904573104,7,7,6.0,6.0,7.0,7.0,9,5,8
474,Samsung,Ingeniero,41,3407.9762088419507,552.1050713444984,4.809832150791032,1,1,2.0,3.0,3.0,3.0,8,2,6
475,Apple,Ingeniero,38,3413.847296750739,570.9199066935399,6.847325611462224,6,6,7.0,6.0,6.0,6.0,7,5,6
476,Apple,Creativo,56,3960.113592749673,618.2430561863517,5.44456127578537,3,2,5.0,5.0,4.0,5.0,7,2,5
477,Samsung,Ingeniero,58,3446.7150591114328,440.2832522964501,3.810283109806595,6,6,7.0,7.0,7.0,7.0,10,4,6
478,Xiaomi,Ingeniero,56,4654.693033278851,740.1420621872891,2.551364308369479,7,7,7.0,7.0,6.0,6.0,8,6,4
479,Motorola,Ejecutivo,30,2368.721883216287,313.9408325004255,6.832442660598774,7,7,5.0,5.0,5.0,5.0,2,2,8
480,Apple,Estudiante,28,2582.0335142842073,328.75643320655047,7.389405900779561,5,5,4.0,4.0,4.0,3.0,3,8,7
481,Xiaomi,Estudiante,63,4467.690679411135,650.9805496237875,3.7988180389288235,1,2,3.0,2.0,3.0,3.0,7,8,8
482,Xiaomi,Estudiante,36,2978.7108581088096,426.63824504899696,5.836610335038995,3,2,4.0,4.0,6.0,5.0,2,7,4
483,Apple,Estudiante,28,2857.708510615137,403.40384403325606,7.047115880739061,5,6,7.0,7.0,5.0,5.0,2,10,5
484,Xiaomi,Ingeniero,30,3036.688961158249,519.1870565689721,6.2502231557158945,7,6,7.0,7.0,7.0,7.0,7,4,4
485,Apple,Creativo,63,4037.583248476376,706.2287870935877,2.5881617762631395,3,4,3.0,4.0,4.0,4.0,9,2,6
486,Apple,Creativo,62,4912.733670977824,668.4532237792004,4.555668520646805,6,5,7.0,7.0,6.0,6.0,10,2,5
487,Samsung,Ejecutivo,18,1766.5482229193674,230.54061372167558,8.29779831340271,5,4,5.0,5.0,5.0,5.0,5,6,7
488,Samsung,Ejecutivo,57,4018.374524440394,609.8935954683069,4.14931644137767,5,5,5.0,6.0,7.0,7.0,10,4,7
489,Samsung,Ingeniero,61,3856.160908197884,558.9883116828213,3.392852257227838,1,1,1.0,1.0,1.0,1.0,8,4,4
490,Apple,Creativo,36,2463.263238674605,389.4594232651165,6.21982644346492,2,2,3.0,3.0,3.0,4.0,1,3,6
491,Apple,Creativo,29,2972.0955443954326,491.6135994566046,7.260316428786996,6,7,6.0,6.0,6.0,6.0,2,5,7
492,Xiaomi,Estudiante,25,3810.948448713022,609.1105644204554,9.228681575814306,6,7,5.0,5.0,5.0,4.0,7,8,8
493,Samsung,Ingeniero,25,2069.1200558398414,340.85468676846784,8.154536849827144,5,6,6.0,6.0,7.0,7.0,2,3,5
494,Samsung,Ingeniero,62,4707.660787339039,789.103894146842,3.133690878050914,5,4,6.0,7.0,6.0,6.0,9,5,8
495,Apple,Estudiante,29,2287.0443436499027,263.6092874016799,6.444236257294309,1,2,3.0,2.0,2.0,2.0,4,9,7
496,Apple,Ingeniero,50,3494.757511571998,598.2190663335303,4.188318899675404,2,3,3.0,4.0,1.0,1.0,10,6,7
497,Xiaomi,Ingeniero,62,4978.791886115836,726.1692012128882,3.5994794687470253,6,6,7.0,6.0,7.0,7.0,7,5,4
498,Samsung,Ejecutivo,43,2613.232357462347,431.24111465313337,4.887548549759115,7,7,7.0,7.0,6.0,6.0,3,5,4
499,Apple,Creativo,56,3130.9204656884385,418.1547584392936,4.874823744989625,4,5,4.0,4.0,6.0,5.0,8,4,5
500,Motorola,Ingeniero,45,3206.4006756184253,435.5352817480999,2.856483744201947,4,5,5.0,4.0,4.0,5.0,10,4,4
501,Xiaomi,Ejecutivo,22,2431.8280139688372,397.8800666694269,8.335168309274744,2,1,4.0,4.0,4.0,3.0,3,4,6
502,Apple,Creativo,25,2481.833285840441,275.8384917385739,7.7753774878054305,3,2,2.0,3.0,2.0,2.0,1,4,5
503,Apple,Estudiante,42,3280.339587846498,541.5230420913903,7.062742483147639,1,2,2.0,1.0,3.0,4.0,10,9,6
504,Xiaomi,Ejecutivo,44,3217.065990755789,545.5580737304477,6.476789554553953,2,2,4.0,3.0,5.0,4.0,9,2,4
505,Xiaomi,Ejecutivo,63,4543.27001349196,690.3797447152419,3.016302214745946,4,5,6.0,5.0,7.0,7.0,7,6,5
506,Samsung,Creativo,40,1543.1637789775139,238.5626186255549,6.764298080938508,5,4,7.0,7.0,6.0,6.0,5,2,7
507,Motorola,Estudiante,47,2974.5973474561297,404.50779487299684,5.131932522785699,4,4,6.0,5.0,6.0,6.0,5,8,8
508,Xiaomi,Ejecutivo,62,4053.193795358276,641.7015394239248,1.8656932425557298,5,5,6.0,5.0,6.0,7.0,8,4,7
509,Motorola,Ingeniero,64,4552.267399551254,700.2233722530593,3.7588319397288914,1,1,2.0,2.0,3.0,3.0,8,4,6
510,Xiaomi,Ingeniero,40,3744.882570034283,515.6571157039514,5.375746579429305,5,6,5.0,5.0,5.0,5.0,8,5,7
511,Samsung,Ingeniero,64,3757.45014591643,544.0435243830549,3.6002215163969997,2,3,1.0,2.0,3.0,2.0,10,4,7
512,Apple,Estudiante,37,3578.5393127682837,528.8141256804524,7.951449830275243,5,6,7.0,6.0,6.0,6.0,8,10,8
513,Motorola,Ejecutivo,35,2523.7191653993186,358.9177649839384,6.724786902732158,3,2,3.0,3.0,4.0,4.0,1,5,8
514,Samsung,Ingeniero,35,2685.045108509657,334.6111956089498,5.482665148810003,2,2,3.0,4.0,2.0,2.0,4,2,7
515,Samsung,Estudiante,19,2240.716259398807,371.05845433901584,9.064415005616203,1,1,4.0,3.0,2.0,2.0,1,10,8
516,Samsung,Ingeniero,21,1948.3819603466136,280.0817712568973,8.26254257013644,2,3,2.0,2.0,4.0,4.0,2,2,7
517,Apple,Creativo,47,3905.0588033331587,586.5270592946392,4.164838170968092,3,2,3.0,3.0,4.0,3.0,10,4,5
518,Xiaomi,Ejecutivo,50,3297.697927443428,465.74135974664284,3.393762232525344,1,1,3.0,3.0,2.0,1.0,9,2,7
519,Motorola,Ejecutivo,53,3455.232504359833,542.0484493525745,3.7226624407812787,4,3,5.0,6.0,6.0,7.0,9,2,4
520,Samsung,Estudiante,35,3275.9899771046657,501.33330578477,7.336301800671722,3,4,4.0,4.0,5.0,6.0,8,10,8
521,Xiaomi,Estudiante,54,3318.437805866171,558.4048903364466,4.298397866356954,1,1,3.0,2.0,4.0,4.0,8,10,8
522,Apple,Ejecutivo,36,2924.46454765833,462.6996177956987,6.481142518955411,7,6,7.0,7.0,7.0,7.0,4,2,6
523,Motorola,Ingeniero,64,3369.758666153088,495.32957983110765,2.261470329223831,5,4,6.0,6.0,5.0,6.0,9,3,6
524,Samsung,Ingeniero,45,4159.819676030595,586.9871105294611,6.363218979017423,2,2,4.0,4.0,4.0,4.0,10,3,4
525,Apple,Creativo,57,4453.275968118387,711.2890294135904,2.2848163356422626,1,1,3.0,3.0,5.0,5.0,10,3,8
526,Samsung,Ingeniero,37,4225.053599790377,619.6292350292337,5.644622483932315,2,3,3.0,3.0,4.0,4.0,9,5,8
527,Apple,Estudiante,50,4169.1818657231925,616.7914015286677,5.4184638591137935,5,5,7.0,7.0,7.0,7.0,10,9,6
528,Samsung,Estudiante,29,1885.1748851997593,274.17765246533014,5.977368554960655,1,2,1.0,1.0,1.0,1.0,3,7,6
529,Samsung,Ingeniero,32,2934.324930080296,420.0683539791879,7.414129279450442,4,3,6.0,7.0,6.0,6.0,2,5,7
530,Motorola,Estudiante,58,3440.995618889098,508.4223931218712,3.3308060214483968,7,7,7.0,7.0,5.0,5.0,10,10,8
531,Xiaomi,Ejecutivo,56,4589.0187535265495,784.6631911656112,3.1739294071836923,7,6,7.0,7.0,7.0,7.0,7,4,8
532,Motorola,Ejecutivo,19,1399.4298560112138,157.52337569529746,9.386482064644474,3,3,4.0,4.0,5.0,6.0,4,6,7
533,Samsung,Ingeniero,46,2725.422557880101,368.0881731439347,5.553930193099005,1,1,3.0,3.0,4.0,5.0,5,2,8
534,Xiaomi,Ejecutivo,58,3095.0942731516566,533.4803618804609,4.719036078049625,5,5,7.0,7.0,6.0,6.0,10,6,4
535,Xiaomi,Ejecutivo,27,2105.8100893684996,297.13129418052137,8.318209584552697,1,1,3.0,3.0,1.0,1.0,1,6,6
536,Motorola,Creativo,19,1605.2610876082144,218.2580989374874,5.48070105049907,2,1,3.0,3.0,3.0,3.0,3,4,6
537,Xiaomi,Creativo,28,1769.1754470803673,317.11950990072677,7.834782639970318,6,5,7.0,7.0,7.0,7.0,3,4,6
538,Samsung,Ejecutivo,30,3494.904552121762,453.2259019541767,6.238974815505653,1,1,4.0,4.0,3.0,4.0,10,4,5
539,Samsung,Ingeniero,27,2614.9403481933223,433.31377369166864,6.670727209226086,7,7,5.0,5.0,5.0,5.0,4,5,4
540,Apple,Creativo,31,2756.117269928356,415.69841195533064,7.337441077665587,7,6,7.0,7.0,7.0,7.0,2,3,4
541,Motorola,Estudiante,35,3544.5822096239635,554.9274379851934,6.136959226590547,7,7,6.0,5.0,5.0,5.0,7,7,7
542,Xiaomi,Estudiante,26,2428.128896021467,386.5208821658263,7.994521075456521,4,4,4.0,4.0,5.0,6.0,2,9,5
543,Samsung,Estudiante,56,3425.65989924743,482.44985556298263,4.3591570324839175,1,1,1.0,1.0,3.0,3.0,7,7,8
544,Xiaomi,Ingeniero,45,2399.8951287411714,412.543458318671,5.668209014684057,3,4,4.0,4.0,3.0,4.0,1,2,4
545,Xiaomi,Ejecutivo,20,1597.4713038282982,212.1138100003413,7.509778407984711,1,1,1.0,1.0,1.0,1.0,5,2,5
546,Apple,Estudiante,37,3602.707800254231,560.8486209880717,5.235066710841862,6,6,5.0,6.0,5.0,5.0,9,10,5
547,Samsung,Ingeniero,23,1522.33194215692,290.2360155999948,6.959682429252494,7,6,6.0,6.0,6.0,6.0,4,4,4
548,Apple,Creativo,44,3376.563618998938,575.4296278421641,5.497175869520055,2,1,4.0,5.0,3.0,3.0,9,3,7
549,Apple,Ejecutivo,19,2466.962571542779,356.6880689343823,9.937238392774539,7,6,7.0,7.0,7.0,7.0,5,4,5
550,Apple,Creativo,46,3442.672420221626,539.5576267452944,6.871906399113541,1,2,4.0,5.0,4.0,3.0,10,4,6
551,Samsung,Ingeniero,55,3949.4916643952915,574.4493101491126,3.8467040221406053,4,5,6.0,5.0,3.0,2.0,10,2,5
552,Motorola,Estudiante,20,2327.801956436713,474.3601048289457,8.060257677332475,5,5,7.0,6.0,6.0,5.0,1,7,8
553,Xiaomi,Estudiante,33,2839.640435911325,464.9523656803896,6.4122770260539514,1,1,2.0,2.0,2.0,3.0,5,9,4
554,Samsung,Ingeniero,47,4154.537086236641,627.3834847273429,5.430266618869024,1,2,1.0,1.0,2.0,2.0,7,4,8
555,Motorola,Estudiante,57,3329.854135886195,515.1062290558164,4.5589127475427755,3,4,2.0,2.0,3.0,3.0,10,10,7
556,Apple,Ejecutivo,19,2070.212438419393,330.8871365352123,8.6275150157556,4,3,6.0,7.0,4.0,4.0,1,6,6
557,Samsung,Ingeniero,34,1790.8797830014262,290.469144489388,3.698861218182591,6,7,7.0,7.0,7.0,7.0,2,2,4
558,Samsung,Creativo,58,2863.1269064067315,417.4691250786818,4.5664986658869395,5,4,5.0,4.0,5.0,4.0,5,3,5
559,Samsung,Ingeniero,29,2409.1644845740084,341.6583077243425,6.701078970783352,7,7,5.0,4.0,5.0,6.0,4,2,6
560,Xiaomi,Ejecutivo,52,3871.6897844723785,573.160799584532,4.095062085768396,2,2,2.0,2.0,2.0,3.0,10,5,5
561,Xiaomi,Ejecutivo,60,4815.333888618782,665.3154980404569,4.79425667816207,1,1,3.0,3.0,3.0,4.0,8,4,7
562,Samsung,Ingeniero,18,3109.8958665052314,502.3981003245077,9.666824416404769,6,5,6.0,6.0,7.0,7.0,10,5,4
563,Samsung,Ingeniero,62,4759.9303353327405,673.9042981674623,4.489003144041407,5,6,7.0,6.0,6.0,6.0,7,4,7
564,Samsung,Estudiante,32,2963.582872199014,391.53992688061624,6.2814483927889055,2,2,3.0,4.0,3.0,3.0,5,9,7
565,Apple,Ejecutivo,43,3229.9824278869078,483.7796408548287,4.623994349861089,6,6,6.0,6.0,5.0,5.0,9,6,7
566,Samsung,Ingeniero,54,2934.3859684083113,433.6517637767523,1.5937555718903194,4,4,6.0,6.0,7.0,7.0,5,4,7
567,Apple,Ingeniero,38,2826.981697129101,436.5289783588146,6.382515996581355,4,5,3.0,3.0,2.0,2.0,1,4,5
568,Apple,Ejecutivo,48,4045.1883756291127,578.3679878745464,5.779016107794436,5,6,6.0,6.0,5.0,5.0,8,5,8
569,Samsung,Ingeniero,42,3549.14092801402,512.7440112905543,5.6981364899019695,7,6,7.0,6.0,5.0,5.0,9,3,5
570,Apple,Estudiante,40,2356.832926658526,388.13091425320346,6.933746208837992,2,2,4.0,4.0,4.0,4.0,4,10,6
571,Apple,Ejecutivo,41,3357.0128236292403,535.1127835691457,4.579809764167507,4,5,5.0,5.0,6.0,7.0,10,4,7
572,Xiaomi,Estudiante,55,4014.19640593386,631.6057131989129,4.328761043544952,5,4,5.0,5.0,5.0,4.0,10,7,6
573,Apple,Estudiante,45,3424.9450600573687,515.4401396261794,5.24969904041211,4,4,4.0,5.0,3.0,3.0,9,10,5
574,Xiaomi,Estudiante,38,2886.0722223113326,441.3569645133136,6.089891315743933,4,5,2.0,3.0,5.0,5.0,2,9,7
575,Motorola,Estudiante,60,4332.791983472096,661.4407419063396,5.167931662953907,6,7,7.0,7.0,7.0,7.0,8,10,5
576,Motorola,Ejecutivo,35,3098.656519456199,431.996390927981,6.395157775901238,6,5,6.0,7.0,6.0,6.0,9,2,7
577,Samsung,Estudiante,53,3329.2706172842973,573.0929225999496,4.40520754922747,4,4,6.0,6.0,6.0,6.0,8,9,5
578,Motorola,Estudiante,52,3827.507030691048,640.7054562280422,3.8633065201894685,3,3,4.0,4.0,5.0,5.0,10,8,4
579,Samsung,Ingeniero,62,4005.302429626393,640.5076439940073,5.128579471421459,6,7,7.0,7.0,7.0,7.0,8,6,8
580,Samsung,Ejecutivo,26,1556.3830661268785,212.16438059895185,5.968803777421373,2,2,2.0,2.0,2.0,3.0,2,5,8
581,Apple,Ejecutivo,55,3469.1964824809183,547.3366782696452,3.9470005671525876,5,4,3.0,2.0,3.0,2.0,8,3,7
582,Apple,Creativo,47,2568.1551573272873,434.14177048758165,6.993937067097493,5,6,5.0,6.0,4.0,4.0,2,3,4
583,Apple,Ejecutivo,61,4540.046767535052,619.8471700442005,4.368243298071534,7,7,6.0,6.0,5.0,5.0,7,6,6
584,Apple,Ejecutivo,51,3727.9446887771596,643.9172914014988,4.879823348298729,2,1,2.0,2.0,3.0,3.0,9,2,4
585,Apple,Creativo,49,3272.2546943970274,403.86882360176435,5.1216920555262835,2,3,4.0,4.0,6.0,6.0,8,3,7
586,Samsung,Ejecutivo,20,2710.2606716443242,441.76939173210235,7.053622012642182,2,2,5.0,4.0,4.0,4.0,2,2,4
587,Samsung,Ejecutivo,20,2033.9954537905833,377.7634333812109,7.931472755142475,7,7,7.0,7.0,7.0,7.0,5,2,6
588,Samsung,Ejecutivo,45,2534.3886220165627,374.5051201011329,5.150134161004207,2,3,3.0,3.0,3.0,3.0,1,2,7
589,Samsung,Ejecutivo,61,3830.2607299080946,567.0158894950605,4.0796285994550034,1,1,3.0,4.0,1.0,2.0,10,2,8
590,Apple,Creativo,32,3416.427093636646,545.847103677843,5.293758614373691,7,6,6.0,6.0,7.0,7.0,8,5,4
591,Samsung,Ejecutivo,58,3565.2621874554284,627.3834227150078,4.597852007769319,5,5,6.0,6.0,7.0,7.0,8,5,8
592,Xiaomi,Ejecutivo,40,3137.610644378915,456.5882147597689,7.016629674886309,1,1,1.0,1.0,1.0,1.0,7,6,8
593,Apple,Creativo,57,4221.938312257319,594.2429872453006,4.0961768748794265,7,7,6.0,6.0,4.0,4.0,9,5,5
594,Samsung,Ingeniero,28,2694.9742422774716,383.0573635612211,7.8470983933058065,4,5,4.0,3.0,5.0,4.0,2,3,6
595,Motorola,Estudiante,49,4674.72989947905,623.5837853075465,5.410346274844577,4,4,5.0,5.0,4.0,4.0,8,9,4
596,Apple,Ingeniero,53,3061.8483715383654,504.1651506665126,4.092259859833943,5,5,5.0,5.0,6.0,6.0,8,3,8
597,Apple,Creativo,50,2961.7684597335983,418.56111632434676,3.9414743135428854,4,4,6.0,5.0,7.0,7.0,4,3,8
598,Samsung,Estudiante,41,2470.1227764489336,360.1014587640623,4.981611511279341,2,1,4.0,4.0,5.0,5.0,5,8,6
599,Samsung,Creativo,56,3652.0407894915575,593.2871749946838,4.692892569154715,7,7,6.0,6.0,7.0,7.0,9,6,8
600,Apple,Creativo,51,4099.688694091225,596.1077878931914,4.843854868014795,1,2,3.0,4.0,4.0,5.0,10,2,8
601,Samsung,Ejecutivo,45,2734.1327101017446,448.0744262846815,6.775093021881698,2,3,3.0,3.0,4.0,5.0,4,2,8
602,Samsung,Estudiante,54,4256.68025297197,586.5976127549811,5.390870112203894,4,4,5.0,6.0,5.0,5.0,7,9,8
603,Samsung,Ejecutivo,24,2217.5633349638683,380.57047166078013,8.388784983127302,6,7,7.0,7.0,7.0,7.0,2,5,5
604,Samsung,Estudiante,21,1495.5016533945382,241.42049907245422,8.163080801712223,1,1,4.0,5.0,4.0,4.0,3,7,5
605,Apple,Creativo,54,2824.315021716072,419.2183017164274,3.637801050678335,2,1,4.0,3.0,4.0,4.0,4,5,7
606,Apple,Creativo,18,1136.214753095337,176.97688736149036,8.525339295974991,7,7,7.0,7.0,7.0,7.0,1,5,4
607,Samsung,Ingeniero,18,1567.0732958830379,170.72292964981887,8.263853165028221,5,5,6.0,6.0,6.0,6.0,3,4,6
608,Apple,Estudiante,64,4115.424412128339,622.7136990165993,2.4616186114442518,2,3,4.0,4.0,2.0,2.0,10,9,7
609,Apple,Ejecutivo,37,3523.0314883652254,521.3712339869536,7.509949258558711,6,5,6.0,6.0,6.0,5.0,10,3,5
610,Xiaomi,Ingeniero,36,3199.5441060941193,416.9599853922397,7.502289374929152,4,3,4.0,3.0,4.0,4.0,10,4,5
611,Samsung,Ingeniero,46,2880.529373959849,398.5256347486502,4.255850855582939,1,1,3.0,3.0,3.0,4.0,1,3,5
612,Xiaomi,Ingeniero,27,2554.332641686084,376.68763335528666,6.662205094883471,5,6,6.0,6.0,6.0,6.0,4,6,7
613,Xiaomi,Ejecutivo,35,3575.77313459612,506.00136094202594,5.950049780559524,1,1,3.0,4.0,4.0,4.0,7,6,5
614,Samsung,Ingeniero,45,4186.958710515018,507.43811132473184,6.109851543799615,5,5,6.0,5.0,6.0,5.0,10,4,7
615,Motorola,Ejecutivo,52,3442.7969942232016,570.2389261139235,5.294725180453996,7,7,7.0,7.0,5.0,5.0,8,5,5
616,Motorola,Ingeniero,60,4479.1442148525,664.7671384733917,4.044407212786356,1,2,5.0,5.0,5.0,5.0,8,6,8
617,Samsung,Ejecutivo,64,4894.977683443912,620.5491420547595,3.873857280399125,4,3,4.0,4.0,4.0,4.0,10,4,8
618,Apple,Creativo,48,2646.4640384108066,503.7177527455907,3.912367803554466,7,6,7.0,7.0,7.0,7.0,2,6,4
619,Apple,Creativo,44,2943.7964564201516,503.63908502868213,5.981361281358453,7,7,7.0,7.0,6.0,6.0,2,2,5
620,Xiaomi,Creativo,28,3510.009367211632,509.052302528328,7.099114624453929,5,6,3.0,3.0,5.0,5.0,9,4,4
621,Samsung,Creativo,55,3599.481944939548,497.7974171725972,3.8209568174414104,3,2,4.0,4.0,4.0,5.0,7,3,7
622,Samsung,Creativo,22,635.5243176494514,115.48820818544381,6.267493726069681,1,1,2.0,2.0,2.0,1.0,1,6,4
623,Samsung,Ingeniero,25,2189.519094806639,338.5442049652029,7.526961156186352,1,1,3.0,3.0,2.0,2.0,1,3,5
624,Samsung,Ingeniero,51,4112.312749557931,643.9514086737083,5.2569598962178095,2,3,3.0,3.0,4.0,4.0,8,4,7
625,Xiaomi,Ingeniero,29,2453.255218400448,326.00726909731475,5.397518198293412,5,4,6.0,6.0,6.0,6.0,3,6,7
626,Apple,Ejecutivo,55,4107.681973400317,671.0408970586292,4.51848607065643,6,7,6.0,5.0,5.0,5.0,9,3,8
627,Apple,Ejecutivo,18,2369.110998827866,331.69354366540244,8.322239751848494,3,2,4.0,4.0,5.0,5.0,5,5,7
628,Xiaomi,Ejecutivo,48,3222.531274283859,517.4179785753572,4.645770456852339,4,5,6.0,6.0,4.0,5.0,9,5,7
629,Samsung,Ejecutivo,21,1790.303506792812,228.6985629960706,8.279838202395174,2,2,3.0,2.0,2.0,2.0,1,2,4
630,Samsung,Creativo,62,4176.720487977136,758.9152724842447,3.6673375837226803,3,4,2.0,3.0,3.0,3.0,9,4,7
631,Xiaomi,Creativo,22,2188.8894614649407,363.109586668004,8.083171005336364,5,5,6.0,5.0,5.0,5.0,4,3,6
632,Apple,Creativo,47,3377.0384099234857,650.7673753172052,5.834246932875056,3,4,5.0,6.0,5.0,5.0,7,2,8
633,Apple,Estudiante,41,3097.578261341232,506.01683801748715,6.434806906150523,7,7,7.0,7.0,7.0,7.0,7,7,8
634,Samsung,Ingeniero,20,1625.726932689631,215.78582206001042,9.016820493446502,1,1,3.0,3.0,4.0,4.0,1,5,7
635,Samsung,Ejecutivo,28,2775.143455040474,457.74055793553083,7.5383251887845795,7,7,7.0,7.0,7.0,7.0,2,3,4
636,Apple,Ejecutivo,62,4399.615973556483,704.9712869431334,3.322959259223179,1,1,4.0,3.0,2.0,1.0,7,6,8
637,Apple,Creativo,21,1381.995816682271,225.96557972722877,7.252209955246803,2,2,3.0,3.0,3.0,3.0,5,5,8
638,Samsung,Ejecutivo,43,2955.4188414570162,474.8324498201552,4.6366912471313775,5,6,6.0,7.0,6.0,6.0,2,6,6
639,Samsung,Ejecutivo,44,3246.5399362697235,525.0673469108423,5.751179643112906,5,6,6.0,5.0,6.0,6.0,8,6,7
640,Apple,Ingeniero,63,3882.843498861913,532.7424742909998,5.021311714652523,3,2,4.0,4.0,5.0,4.0,10,3,8
641,Samsung,Creativo,60,4318.685988793897,594.5599780825869,3.64154739401285,2,3,5.0,4.0,6.0,6.0,7,3,8
642,Samsung,Ingeniero,44,3166.5587307714313,435.272959684993,6.049608247709959,5,6,5.0,5.0,5.0,6.0,10,6,8
643,Samsung,Estudiante,59,4034.5362647275933,611.5575594276645,3.347719995484839,6,5,6.0,6.0,6.0,6.0,8,8,8
644,Apple,Estudiante,23,1949.6453462584634,281.2882433650985,7.894804915160634,6,7,4.0,3.0,3.0,4.0,3,10,4
645,Samsung,Estudiante,32,1603.3905882946926,191.73005994805644,8.059347128074439,7,6,6.0,7.0,4.0,3.0,5,7,5
646,Motorola,Creativo,47,2324.8258392187754,387.48958640879863,5.986247973331943,1,1,1.0,2.0,1.0,1.0,1,3,6
647,Xiaomi,Ejecutivo,59,4244.8047733460135,650.872957008726,2.529187966860843,3,2,4.0,4.0,4.0,4.0,8,4,4
648,Apple,Creativo,54,3833.456038244697,583.4648553052472,5.170694816035544,4,3,4.0,3.0,2.0,2.0,10,5,6
649,Apple,Creativo,54,3919.3311031755425,575.0002002176346,5.216225778793552,1,1,3.0,3.0,3.0,4.0,8,3,8
650,Apple,Ejecutivo,59,4017.2364210314568,583.6740580364399,4.273486973227088,2,2,5.0,5.0,4.0,4.0,10,2,6
651,Samsung,Ingeniero,54,3807.283701686757,529.0259971625647,5.267522112702341,5,5,5.0,6.0,6.0,7.0,9,5,7
652,Apple,Estudiante,52,4084.511686809394,659.363767648276,3.9664979602824615,1,1,2.0,2.0,1.0,1.0,9,9,7
653,Xiaomi,Ingeniero,40,3222.309686200706,448.1718088474466,6.063263154804086,4,4,5.0,5.0,5.0,5.0,9,3,5
654,Xiaomi,Estudiante,23,2670.4546751530565,411.0377246075993,8.810173940938101,4,4,7.0,6.0,6.0,6.0,4,7,5
655,Apple,Creativo,21,2135.7309206132986,403.4601579055965,8.919949483466368,6,7,7.0,7.0,6.0,7.0,3,2,6
656,Samsung,Estudiante,35,2599.8091297401143,373.3584822265496,7.048044974005971,2,1,2.0,2.0,2.0,3.0,2,7,4
657,Apple,Creativo,26,2397.101431078123,407.60032169767817,6.5170047764991175,1,1,1.0,1.0,1.0,1.0,3,3,4
658,Samsung,Ingeniero,46,2881.9110592563516,460.7221096902364,4.359536229380721,3,4,2.0,3.0,4.0,3.0,1,4,8
659,Apple,Creativo,30,2310.0765355440453,362.08485849465944,7.114543674443354,1,2,2.0,1.0,4.0,3.0,2,3,4
660,Samsung,Ingeniero,64,4288.785654320019,664.8352702432404,3.78077423872584,6,5,6.0,6.0,6.0,7.0,7,6,5
661,Apple,Ejecutivo,34,2782.1591659505057,412.5785464290293,6.499628227722743,7,6,6.0,6.0,6.0,6.0,4,6,4
662,Motorola,Ejecutivo,62,4046.7905599985056,608.7573824394478,2.995215021803347,4,5,4.0,4.0,4.0,4.0,7,4,8
663,Xiaomi,Ejecutivo,49,2755.9076449128966,385.98044932564824,5.536961075390393,2,1,4.0,4.0,4.0,4.0,3,3,7
664,Samsung,Creativo,39,3268.2047732103574,492.30357203825804,6.210165348694541,2,1,4.0,4.0,5.0,5.0,9,4,4
665,Samsung,Ejecutivo,21,2467.1142032997745,340.8058307057913,8.189824316550474,3,4,2.0,3.0,3.0,3.0,2,3,4
666,Samsung,Estudiante,22,2921.845247626119,488.55954179774767,8.39343375962411,2,3,4.0,4.0,2.0,1.0,4,7,5
667,Samsung,Ingeniero,54,3920.8879982943654,503.1583283102326,4.326350212321987,6,5,7.0,7.0,5.0,5.0,9,6,6
668,Samsung,Ingeniero,58,3900.7309170957415,609.1623021206352,3.7112416226205625,6,6,7.0,7.0,4.0,4.0,8,5,7
669,Samsung,Estudiante,30,1993.485245194925,315.8521218503527,8.107565323308624,6,5,6.0,5.0,7.0,7.0,5,8,6
670,Samsung,Creativo,51,4296.008934680528,656.7021384108808,4.142641513469831,2,2,3.0,3.0,3.0,4.0,9,2,8
671,Apple,Creativo,62,4223.916488437011,684.812420708826,3.3308258005379923,2,3,1.0,2.0,2.0,3.0,10,4,8
672,Samsung,Ingeniero,39,3046.686586912728,442.6968085347619,7.334247815427473,6,6,7.0,7.0,6.0,7.0,9,2,6
673,Samsung,Ejecutivo,40,2872.971900910574,443.71747736518853,5.45297574899034,2,3,2.0,2.0,4.0,3.0,4,6,5
674,Apple,Creativo,20,1841.015216782569,190.32518810806272,7.9013823563594405,2,1,3.0,3.0,4.0,4.0,3,5,5
675,Apple,Creativo,59,4294.1333670254235,623.3541609470524,3.6880301308869714,4,3,4.0,4.0,4.0,3.0,10,3,5
676,Motorola,Estudiante,51,3039.2796886707038,498.67877485936674,3.116778518716202,1,2,5.0,5.0,6.0,6.0,8,8,7
677,Samsung,Estudiante,49,4262.71592957939,572.4493026600844,4.976692347995203,5,6,5.0,4.0,5.0,5.0,10,8,8
678,Apple,Ejecutivo,62,4803.763228769186,728.551652667915,2.789378236421452,2,3,4.0,4.0,3.0,2.0,8,2,8
679,Apple,Creativo,38,2722.9692265664553,374.5695303907784,6.45458043264356,5,4,5.0,6.0,5.0,5.0,4,3,8
680,Apple,Creativo,63,3718.067717063479,552.160808970935,4.805638510041112,7,6,6.0,7.0,6.0,7.0,8,2,7
681,Xiaomi,Estudiante,61,3042.397005822293,425.47567643526406,1.6858262668263446,5,5,4.0,5.0,4.0,5.0,7,7,8
682,Samsung,Creativo,38,2274.2930637578866,278.7841793490115,5.793083015999719,4,5,4.0,4.0,4.0,3.0,1,3,6
683,Samsung,Ingeniero,61,4414.955746441437,681.5435277142057,4.352323232964981,2,2,3.0,3.0,5.0,5.0,7,4,4
684,Xiaomi,Estudiante,28,2557.670929450327,381.1708013163117,5.016651081570222,6,5,7.0,7.0,5.0,5.0,2,7,7
685,Motorola,Ejecutivo,56,4046.826782653044,637.6554733823166,5.736265360422231,5,5,5.0,6.0,2.0,2.0,10,2,4
686,Xiaomi,Estudiante,21,1127.2101823379194,208.80342275063094,8.279892036803483,2,2,3.0,3.0,5.0,5.0,1,8,6
687,Apple,Creativo,18,1702.092189948668,316.5767653467509,9.283212821931901,3,2,3.0,4.0,2.0,3.0,3,2,5
688,Samsung,Ejecutivo,45,3933.6364031410412,596.7197977432894,4.936052136888571,7,6,6.0,6.0,5.0,6.0,7,2,5
689,Xiaomi,Estudiante,41,3001.9862973403233,513.7289958312089,5.456679229723808,6,7,5.0,6.0,5.0,5.0,9,7,5
690,Samsung,Ingeniero,52,2963.8526326880074,395.78916953365336,4.63906364520093,3,3,5.0,5.0,6.0,7.0,4,6,7
691,Apple,Ingeniero,30,2444.1988345785494,412.07781664818896,9.13820904755154,3,2,4.0,4.0,5.0,5.0,4,6,5
692,Apple,Estudiante,64,3814.491290817375,595.1432144389989,4.918105360497066,5,4,5.0,6.0,4.0,4.0,7,8,7
693,Samsung,Ingeniero,51,3716.8395299726985,569.1805621216441,5.032347699508747,3,3,3.0,3.0,5.0,5.0,10,3,7
694,Samsung,Ingeniero,28,2410.2726894438574,383.77751512473446,7.454401771650783,4,3,4.0,4.0,6.0,5.0,2,6,4
695,Samsung,Ingeniero,53,3921.6483320411453,540.2103058893987,5.334903811584932,4,5,5.0,4.0,5.0,6.0,7,3,5
696,Xiaomi,Ejecutivo,34,2091.038186617444,253.81838749636543,8.991554820991459,5,6,5.0,4.0,6.0,5.0,5,4,8
697,Samsung,Ingeniero,52,3375.6417156674506,591.8376666539675,5.182719793057051,2,2,4.0,5.0,5.0,5.0,8,6,5
698,Xiaomi,Ingeniero,35,3295.2171706995546,485.8464666950697,6.54595939611877,1,2,4.0,4.0,4.0,4.0,9,4,5
699,Samsung,Ingeniero,57,3172.8599727822593,466.77932482700385,3.961401603385012,2,1,3.0,2.0,3.0,2.0,10,6,5
700,Apple,Ejecutivo,39,2448.4439919800107,312.15112508493695,6.334915247519441,2,1,3.0,4.0,4.0,4.0,1,4,8
701,Apple,Estudiante,41,3149.648654996032,398.3583829745629,5.31297818164879,2,1,4.0,4.0,3.0,3.0,9,8,8
702,Samsung,Creativo,36,2943.3649195418957,437.08879399067024,6.8960923380768735,2,1,5.0,5.0,5.0,4.0,3,4,7
703,Samsung,Ingeniero,54,3455.5750786286153,501.2568657188558,3.1674033702084587,6,6,5.0,5.0,4.0,3.0,10,3,8
704,Samsung,Estudiante,56,3660.783558680575,549.2042516392088,4.139499410593666,1,2,1.0,2.0,3.0,2.0,8,9,7
705,Samsung,Ingeniero,38,3166.6127807778207,479.34961413578185,6.934632854727336,6,7,6.0,6.0,6.0,5.0,8,4,4
706,Motorola,Ejecutivo,25,2674.8175008799335,525.6956791950247,7.869123654337354,3,2,4.0,4.0,4.0,4.0,3,2,7
707,Apple,Estudiante,45,2715.38916735512,390.3793760663203,5.037375379948348,7,7,7.0,6.0,7.0,6.0,1,8,5
708,Xiaomi,Ejecutivo,22,2282.1597603139753,421.3209694442686,7.567975489583361,2,1,4.0,4.0,4.0,4.0,1,5,6
709,Samsung,Ingeniero,34,3456.008000002861,600.5024107526765,7.635334686692211,7,6,7.0,7.0,7.0,6.0,10,3,6
710,Samsung,Ingeniero,54,3642.0539693194337,583.9893096615143,3.3895983039765785,4,4,6.0,6.0,5.0,5.0,9,3,5
711,Xiaomi,Ejecutivo,53,3110.0804231057405,454.75574683840546,3.4954063520886693,5,5,5.0,5.0,5.0,5.0,10,4,7
712,Apple,Creativo,36,2236.9540455863917,267.46949003132227,5.470366047822504,5,4,6.0,6.0,5.0,6.0,2,6,5
713,Apple,Ejecutivo,44,3119.631279344068,491.8418857683055,5.589322135733356,6,7,5.0,5.0,5.0,5.0,10,5,8
714,Samsung,Ingeniero,51,4067.9236524338094,661.1291518501187,3.5432619327438073,6,5,6.0,6.0,6.0,6.0,9,2,7
715,Apple,Ejecutivo,28,2379.6220750766897,444.32768447565263,8.15300159276598,4,5,3.0,4.0,3.0,4.0,3,6,5
716,Apple,Creativo,62,4194.615989952964,581.6945007806055,2.875707541144134,2,3,2.0,2.0,4.0,4.0,10,5,8
717,Xiaomi,Ejecutivo,64,3701.829158913098,543.0980543777014,3.824355557743129,7,7,7.0,7.0,7.0,7.0,10,4,8
718,Motorola,Creativo,29,2941.558816488274,394.0405929520987,6.520926899080597,7,7,5.0,5.0,4.0,3.0,5,5,7
719,Apple,Creativo,38,2327.1707144173224,317.4017075407522,6.134502919160274,1,1,2.0,3.0,4.0,4.0,2,3,4
720,Xiaomi,Ejecutivo,28,2147.7517578641837,355.3821403914089,5.596654090341255,3,4,5.0,4.0,4.0,5.0,3,2,4
721,Motorola,Ejecutivo,56,4114.957431023147,583.2783761851853,5.401316245209956,5,6,7.0,7.0,7.0,7.0,8,2,8
722,Samsung,Estudiante,45,2230.284250840034,293.32907876015463,4.538502001628599,3,2,4.0,4.0,4.0,4.0,5,9,4
723,Samsung,Ingeniero,22,2186.980574842854,367.8968794125418,6.733783278956297,1,1,3.0,3.0,1.0,1.0,5,6,8
724,Apple,Creativo,34,2180.4632168041094,349.60642202279377,8.979009013402091,6,5,6.0,7.0,6.0,6.0,2,3,4
725,Xiaomi,Estudiante,37,2858.274699454557,446.24176481494226,6.854307310957608,7,7,7.0,7.0,6.0,6.0,2,10,8
726,Xiaomi,Ejecutivo,58,3723.972196144032,525.9514615116515,5.162416408283074,5,4,6.0,6.0,6.0,7.0,8,4,8
727,Samsung,Ingeniero,63,5202.917412674244,845.0887758118716,4.1588913963618985,3,2,4.0,4.0,4.0,4.0,8,6,8
728,Xiaomi,Estudiante,29,2253.439405400047,338.7404206759966,6.647519440013598,6,7,7.0,7.0,6.0,7.0,3,9,8
729,Apple,Creativo,23,3071.325686441671,579.7083599039892,6.393150142544989,1,1,2.0,2.0,5.0,4.0,8,4,6
730,Samsung,Estudiante,34,2993.4761455916873,457.0797303122553,6.301179612574341,3,4,3.0,3.0,2.0,2.0,5,9,4
731,Apple,Creativo,36,2399.270514635136,243.2231851029124,5.421840655474438,7,7,5.0,4.0,5.0,5.0,1,2,8
732,Xiaomi,Ejecutivo,43,3315.4054626298785,378.41704265563834,4.781884827565481,2,2,3.0,3.0,2.0,2.0,10,2,5
733,Xiaomi,Ingeniero,61,3897.795126831094,615.8667661169376,2.316812671030303,6,5,6.0,6.0,7.0,7.0,7,4,7
734,Samsung,Ingeniero,61,4171.078745370617,690.6865194221327,4.0144759597954955,1,1,4.0,4.0,5.0,5.0,10,6,5
735,Samsung,Ingeniero,49,3093.0545062833667,424.7667694463125,6.673412147525846,3,4,5.0,5.0,3.0,4.0,8,5,5
736,Motorola,Ejecutivo,23,2995.0888166729787,554.3122611398044,8.258136723026448,7,7,7.0,7.0,6.0,6.0,1,5,6
737,Apple,Creativo,53,4112.699045398362,700.0548036594595,4.594209612148287,2,2,4.0,4.0,4.0,4.0,10,3,4
738,Xiaomi,Ejecutivo,55,3765.8907840807956,575.4109557841767,4.459428127189848,2,1,3.0,3.0,3.0,4.0,9,4,6
739,Apple,Ingeniero,28,3264.557384034767,516.6563047230215,4.152222687606402,1,2,1.0,2.0,1.0,1.0,9,6,4
740,Apple,Ejecutivo,50,3537.1396220414244,575.2974541756395,4.576164578100624,4,3,3.0,3.0,3.0,2.0,8,4,8
741,Apple,Ejecutivo,41,3598.8124824305823,634.3216172306131,4.47332410477966,7,6,7.0,7.0,7.0,7.0,7,5,6
742,Apple,Ejecutivo,40,3019.150293761212,486.9793424014609,6.134412527902277,7,6,5.0,5.0,7.0,6.0,7,6,7
743,Xiaomi,Creativo,32,2796.943797405289,428.93815222435074,6.540024011331766,5,4,5.0,6.0,4.0,3.0,4,2,4
744,Apple,Estudiante,44,3159.28060952861,507.5071513086239,4.730695458792459,1,2,6.0,6.0,5.0,5.0,7,7,6
745,Samsung,Estudiante,28,2447.6506769369685,394.01561561300656,7.311896704488598,2,2,4.0,4.0,4.0,4.0,5,7,7
746,Motorola,Ejecutivo,34,2785.2659301939993,464.0103988928496,6.703279153006942,2,1,3.0,2.0,2.0,2.0,2,4,5
747,Apple,Estudiante,31,2215.134083755803,253.7689479093936,8.418624039456429,1,1,1.0,1.0,2.0,2.0,4,8,8
748,Apple,Estudiante,44,2999.4656665384564,465.7125224781412,6.2864175004467295,4,3,6.0,6.0,7.0,7.0,1,8,8
749,Motorola,Ejecutivo,35,2641.6224917569143,419.26539914252396,6.7169727900368725,5,4,7.0,6.0,7.0,7.0,1,2,5
750,Xiaomi,Ejecutivo,45,3364.855508401148,501.0859679075636,4.552485526348608,3,3,5.0,5.0,5.0,7.0,10,5,6
751,Samsung,Ingeniero,64,4184.710490248266,666.9148957481178,2.5265608808925113,1,1,3.0,4.0,3.0,3.0,8,6,5
752,Motorola,Estudiante,64,4786.516266912853,814.0358210653801,4.198848007436607,5,5,6.0,7.0,6.0,6.0,7,10,7
753,Apple,Creativo,21,2473.5591594898206,377.94473047869513,7.699930627559571,7,7,7.0,7.0,5.0,5.0,5,5,4
754,Apple,Ejecutivo,24,2101.836221987314,349.8614873334816,7.849365591126607,5,4,5.0,5.0,5.0,4.0,1,4,6
755,Samsung,Ingeniero,62,4790.89194872597,798.9470303314732,4.77800052417156,6,7,7.0,7.0,7.0,7.0,9,2,4
756,Xiaomi,Creativo,52,4536.510311787728,688.554772065252,3.28686122485819,2,2,3.0,2.0,4.0,4.0,9,6,5
757,Xiaomi,Estudiante,26,1278.0868525389415,147.28986776290077,8.797035385028995,3,3,5.0,5.0,4.0,4.0,4,7,8
758,Samsung,Ingeniero,25,2716.1450425331395,438.2106988343671,8.469381786948997,1,1,3.0,3.0,4.0,4.0,2,6,4
759,Motorola,Ejecutivo,62,3753.5079013342506,452.94287836023375,1.745559778012355,2,1,4.0,4.0,6.0,7.0,7,3,4
760,Apple,Creativo,34,3100.3740106616497,350.1377497011134,8.953092448910976,6,5,6.0,7.0,6.0,5.0,10,5,8
761,Samsung,Ejecutivo,34,3319.1189703232158,514.5184479042953,6.921376319081456,6,5,6.0,6.0,6.0,6.0,7,3,4
762,Apple,Estudiante,50,3061.5037027447243,341.9770362576153,4.5214616995770465,2,3,3.0,4.0,4.0,5.0,8,7,4
763,Apple,Creativo,49,2523.8364504921196,312.8170804524084,5.619062223604925,4,5,7.0,7.0,6.0,5.0,2,5,8
764,Xiaomi,Estudiante,25,2667.7170441079325,381.15262844067377,6.5225253630612645,5,5,6.0,6.0,6.0,6.0,1,7,8
765,Samsung,Estudiante,36,2867.7012412418057,394.0843686989765,6.946128353193552,1,2,5.0,5.0,5.0,5.0,4,9,5
766,Samsung,Ingeniero,55,2915.780623048686,429.976768279947,3.7065035416646888,1,1,3.0,3.0,4.0,3.0,5,2,5
767,Xiaomi,Ejecutivo,20,3264.782252731411,545.3608449481364,10.0203595354706,1,1,2.0,3.0,4.0,4.0,9,2,4
768,Apple,Creativo,22,2412.209706128276,373.755496487438,7.860100193906401,2,3,2.0,2.0,3.0,3.0,2,3,6
769,Apple,Estudiante,30,2835.050020062576,383.29148292041344,7.649823052072824,7,7,7.0,7.0,7.0,7.0,5,8,5
770,Xiaomi,Estudiante,64,4882.908876281024,800.1583850813673,2.813934900347861,4,3,4.0,4.0,2.0,2.0,7,8,5
771,Apple,Creativo,63,3859.588023576749,507.4953417093028,4.516496023893358,3,3,6.0,6.0,6.0,6.0,7,5,6
772,Xiaomi,Estudiante,48,3465.2270560443385,530.8782338452557,5.1874199364978875,6,5,5.0,6.0,4.0,4.0,10,9,6
773,Samsung,Ingeniero,33,1990.3390431101184,221.54655771593252,5.288148291678055,2,3,4.0,5.0,3.0,3.0,2,4,8
774,Samsung,Ingeniero,49,3146.0257763574077,484.5197617401381,4.861237280111752,7,7,5.0,5.0,6.0,6.0,8,4,5
775,Samsung,Ingeniero,39,3142.8300002346186,455.49312984056286,8.031111068862538,3,3,4.0,4.0,5.0,4.0,8,4,7
776,Samsung,Ingeniero,46,2467.357666433774,424.2155455413844,6.258977026043308,6,5,6.0,7.0,5.0,5.0,1,6,7
777,Samsung,Estudiante,39,2631.8552271609597,430.8127576338554,5.721024931093506,6,6,6.0,6.0,4.0,4.0,3,8,4
778,Apple,Creativo,60,3536.0330200311396,501.0479864050878,2.130834238999065,4,5,5.0,5.0,4.0,4.0,7,4,5
779,Apple,Creativo,20,2071.046122810172,271.70993638071377,7.167508821769369,5,5,5.0,6.0,6.0,6.0,3,5,7
780,Xiaomi,Creativo,27,2637.350630832674,379.84775797329564,5.893525995965538,1,1,4.0,4.0,4.0,5.0,1,3,5
781,Apple,Creativo,59,4321.076402188229,741.9400333299512,2.2549919935665015,3,2,2.0,2.0,2.0,3.0,7,4,5
782,Apple,Ejecutivo,38,3399.4083223890752,590.8646724137653,6.985591130165302,2,3,3.0,2.0,3.0,3.0,7,3,7
783,Samsung,Creativo,33,3336.0584232861856,451.9953542244953,6.762387396380165,3,3,5.0,6.0,3.0,3.0,7,6,5
784,Apple,Ejecutivo,29,2753.6227268417033,453.0546759263229,8.89510844834394,5,4,6.0,5.0,4.0,4.0,1,2,6
785,Samsung,Ejecutivo,19,2893.667949447208,347.47862097221787,7.102358101202371,1,1,4.0,4.0,6.0,6.0,3,6,4
786,Motorola,Ingeniero,58,3959.751260632341,571.5955660419829,4.197719065240869,3,2,5.0,5.0,5.0,5.0,8,6,8
787,Xiaomi,Ejecutivo,41,2963.339422874726,398.122695788086,4.505825648253085,5,4,4.0,3.0,5.0,5.0,5,6,7
788,Apple,Estudiante,52,3903.65368168002,639.012025130625,4.205126638833757,2,2,4.0,4.0,4.0,4.0,9,10,8
789,Apple,Ejecutivo,47,3241.7944125037056,421.7332858861352,5.077890038067414,4,5,5.0,6.0,3.0,4.0,10,3,4
790,Samsung,Ingeniero,47,4276.282364387525,662.9098664292524,4.925346032188352,7,7,7.0,7.0,7.0,7.0,8,4,6
791,Samsung,Ejecutivo,64,4765.4917365676065,714.8592665634392,3.6535406306155007,6,5,7.0,7.0,5.0,5.0,8,2,6
792,Xiaomi,Estudiante,52,3975.139072099757,587.498419328488,5.771609563251387,2,3,4.0,3.0,5.0,4.0,9,7,6
793,Apple,Estudiante,36,2865.7096720206755,513.4355983403212,7.266417585454555,1,1,3.0,3.0,4.0,4.0,3,8,6
794,Xiaomi,Estudiante,25,2046.2614142925686,394.9240717606009,6.7306654159087005,6,7,7.0,7.0,6.0,6.0,2,10,7
795,Samsung,Ingeniero,43,3500.66250228388,517.8797344199335,5.669645878136351,7,7,7.0,7.0,6.0,6.0,9,3,7
796,Motorola,Ingeniero,57,3286.4512740765203,475.67187608147833,5.0940963749594435,2,3,3.0,3.0,2.0,3.0,7,2,5
797,Apple,Creativo,24,2967.1817667205105,369.7335990679182,8.635736507429506,2,1,4.0,4.0,5.0,5.0,5,4,5
798,Samsung,Ingeniero,47,3261.181647307313,488.96429773413644,4.638843315345847,2,1,4.0,4.0,5.0,5.0,10,5,4
799,Xiaomi,Estudiante,24,2352.5533666203646,450.5481677803542,8.30816445480024,2,3,4.0,4.0,5.0,4.0,5,9,5
800,Motorola,Estudiante,20,1545.1994619033555,225.34315230910715,8.3311465091877,6,6,7.0,7.0,7.0,6.0,5,7,4
801,Xiaomi,Ingeniero,18,2261.4931315596104,375.6619338911305,7.13401088646107,1,1,4.0,4.0,2.0,2.0,4,6,4
802,Samsung,Ejecutivo,53,3423.129193580836,443.5945128411621,5.500157962585734,7,6,7.0,7.0,7.0,7.0,8,2,4
803,Samsung,Ingeniero,42,3424.614395152549,491.95341278620225,5.951543208432469,5,4,6.0,6.0,6.0,5.0,7,6,6
804,Samsung,Ingeniero,54,4078.696734488695,634.9277754634367,2.8586093936734738,3,2,3.0,3.0,5.0,5.0,7,6,8
805,Apple,Estudiante,18,1576.1839432057297,241.7207113832621,7.90614643928863,4,3,4.0,4.0,2.0,2.0,2,7,8
806,Apple,Creativo,32,2038.2354395430025,346.96868265197844,6.839857541584973,7,7,7.0,6.0,7.0,7.0,1,3,7
807,Motorola,Estudiante,54,4465.949958272273,639.7588995129078,3.994175521182406,3,4,4.0,3.0,5.0,4.0,9,8,4
808,Motorola,Creativo,30,2403.850482985459,273.0781450066356,8.228228425498525,3,3,5.0,5.0,4.0,4.0,3,4,6
809,Apple,Estudiante,57,3962.424408022819,650.4681727195364,5.564468490678105,4,4,2.0,3.0,2.0,3.0,7,10,5
810,Samsung,Ingeniero,25,2492.7322623233713,327.1023748849602,7.117509841087155,7,6,6.0,6.0,5.0,6.0,1,2,5
811,Motorola,Estudiante,22,1473.1499350508898,246.30269163273266,7.307774478646258,6,6,6.0,6.0,7.0,6.0,4,8,7
812,Xiaomi,Estudiante,26,2531.3330684099437,402.24280358591227,7.268765326630679,1,1,2.0,2.0,3.0,3.0,1,10,7
813,Samsung,Estudiante,18,1949.5632680773185,209.2468304599982,7.999919434193319,4,4,4.0,4.0,6.0,5.0,2,10,4
814,Samsung,Ingeniero,53,3328.2346511478045,551.6914685341719,4.107498106198077,1,1,2.0,2.0,3.0,4.0,9,6,4
815,Samsung,Ingeniero,52,3021.7320075811353,424.93144141072185,1.0912033906767085,6,5,5.0,6.0,6.0,7.0,7,5,5
816,Apple,Ingeniero,19,2252.942773978635,340.6941471961433,9.854811875599614,3,3,3.0,4.0,5.0,4.0,5,5,5
817,Samsung,Ingeniero,57,4413.85600409744,644.1692724163381,4.300417963778142,1,1,4.0,4.0,5.0,5.0,10,6,5
818,Apple,Creativo,40,3089.2952586964016,544.5238639161056,5.821689888070924,6,7,7.0,7.0,6.0,7.0,8,3,5
819,Apple,Creativo,26,1582.7673290751566,304.5896097704766,7.725169130051951,6,7,7.0,7.0,6.0,6.0,3,2,8
820,Apple,Ejecutivo,51,3021.3335914126346,362.58330952335905,4.81994225146591,5,6,5.0,5.0,5.0,6.0,7,5,4
821,Xiaomi,Ingeniero,63,3933.9381453379733,703.0320778961054,3.26968415535455,4,4,6.0,7.0,6.0,7.0,9,2,4
822,Apple,Creativo,31,3332.309870580375,465.9311439612964,5.8943540136080514,5,5,6.0,5.0,5.0,6.0,8,4,5
823,Apple,Estudiante,21,1926.6246689505622,394.1155341916762,6.061387223504305,3,2,5.0,5.0,5.0,4.0,2,8,6
824,Apple,Ingeniero,47,3115.7155386009,454.54685218313574,3.9456210700456062,4,5,4.0,4.0,5.0,5.0,9,4,5
825,Apple,Ejecutivo,48,2563.2576001619427,367.4428047196946,4.083325933289852,3,2,4.0,4.0,3.0,2.0,2,3,7
826,Motorola,Ejecutivo,55,3421.6576049449445,500.88225408785047,5.150922158040969,5,4,7.0,7.0,7.0,7.0,10,5,6
827,Apple,Ejecutivo,28,1783.531823004585,247.49029120171323,7.924623146764394,7,6,6.0,6.0,6.0,6.0,1,4,7
828,Apple,Estudiante,52,3098.4100845386,590.9813395719511,3.9182008955332286,6,5,5.0,5.0,4.0,4.0,8,10,6
829,Xiaomi,Creativo,25,2309.9753400793716,342.678141045874,4.836345859562606,3,4,4.0,3.0,4.0,4.0,3,3,7
830,Apple,Estudiante,20,1799.4178971944114,254.7978629522272,8.009120719501876,4,3,6.0,7.0,6.0,6.0,3,10,5
831,Samsung,Ingeniero,31,3399.747226335673,513.8126218249981,6.478457784340682,4,4,4.0,4.0,5.0,5.0,8,2,5
832,Apple,Ejecutivo,30,3039.0016863537385,407.4834931068255,6.553737513299868,3,3,4.0,5.0,4.0,4.0,7,5,6
833,Samsung,Estudiante,62,3795.5580310948308,649.1897313787371,4.755937475764364,4,4,4.0,4.0,3.0,4.0,10,10,7
834,Samsung,Estudiante,49,2991.5910791297424,375.1846200848048,5.238652625472852,6,7,7.0,6.0,6.0,7.0,5,7,8
835,Apple,Creativo,51,4241.320967832096,605.4977148212441,3.9236203514799204,7,6,7.0,7.0,7.0,7.0,9,2,6
836,Apple,Creativo,62,4930.021244741742,786.3362022036009,2.5935869660409505,6,7,5.0,5.0,5.0,6.0,7,3,6
837,Motorola,Ejecutivo,36,1702.875878227234,257.54898827245665,6.137388643015044,4,3,5.0,5.0,6.0,6.0,3,6,4
838,Apple,Estudiante,55,3796.4288119858506,596.9250809228799,3.593587237810358,3,4,2.0,2.0,2.0,2.0,7,9,6
839,Xiaomi,Estudiante,33,2524.0608460516364,455.26733274201695,6.627602375972382,5,6,5.0,5.0,4.0,4.0,1,7,8
840,Apple,Creativo,19,2274.5600700299683,391.3740879211192,9.126142044401966,4,3,5.0,5.0,3.0,3.0,5,6,5
841,Samsung,Estudiante,57,4821.334062080752,730.07392656917,2.9202175884005497,4,5,7.0,7.0,6.0,5.0,8,10,7
842,Xiaomi,Estudiante,34,2457.971490336101,473.1628560430051,6.687779434808968,4,3,5.0,5.0,5.0,6.0,2,7,4
843,Samsung,Estudiante,51,2519.6507426680428,346.5308039603948,5.8150499826693895,4,4,4.0,4.0,3.0,3.0,3,8,7
844,Motorola,Creativo,59,4239.503850074632,630.9100954615672,4.0138126641818905,3,3,4.0,5.0,5.0,4.0,8,2,5
845,Samsung,Ejecutivo,33,3344.982034302101,500.2252885701768,7.4215808951176525,5,5,6.0,6.0,6.0,7.0,9,3,6
846,Samsung,Ingeniero,55,3598.1201092401125,534.5969280851679,4.212727507884538,5,6,5.0,4.0,5.0,5.0,10,6,8
847,Samsung,Ejecutivo,19,1597.4812599301695,186.16165614146738,8.270828079423637,1,1,4.0,4.0,4.0,4.0,2,2,4
848,Samsung,Ingeniero,19,1731.3702973111504,180.52305333864763,8.540784932342175,4,3,4.0,4.0,5.0,6.0,4,6,8
849,Apple,Estudiante,43,3575.1026835656176,557.1254812538023,5.127997561736866,4,4,4.0,4.0,5.0,4.0,8,9,8
850,Xiaomi,Ejecutivo,30,2272.76952935751,309.2417401260936,8.99067601719,1,1,2.0,3.0,4.0,4.0,1,2,8
851,Samsung,Ingeniero,64,4364.380150171422,750.0474619747774,4.177580180331922,5,6,4.0,3.0,4.0,4.0,9,2,8
852,Apple,Creativo,48,3413.90145786997,508.4581025187335,6.50298549871692,2,1,1.0,1.0,2.0,1.0,7,6,5
853,Samsung,Creativo,51,3512.3101937886167,514.272066193718,5.971023946360767,6,7,6.0,6.0,6.0,7.0,10,5,8
854,Motorola,Ejecutivo,56,4150.646163376116,677.3139138265501,4.7272892692834105,2,3,3.0,3.0,3.0,4.0,10,2,8
855,Samsung,Ejecutivo,20,1760.7100500679028,284.2161393825715,9.385789422359807,5,4,6.0,7.0,6.0,6.0,5,4,5
856,Samsung,Estudiante,25,2034.7067199088606,296.43013659697664,7.687914711191917,7,7,7.0,7.0,7.0,7.0,5,8,7
857,Samsung,Ejecutivo,40,3398.801424999877,477.78362636175933,5.270224716825637,4,3,7.0,7.0,7.0,7.0,8,5,5
858,Apple,Estudiante,31,2056.5373379156736,491.3656908873047,6.914819231562964,2,2,4.0,3.0,3.0,3.0,4,10,6
859,Xiaomi,Estudiante,44,2759.8899045888365,432.0727738014124,4.593833087584868,3,2,3.0,3.0,4.0,4.0,3,8,5
860,Apple,Creativo,46,2669.8428543282034,454.69790701845034,3.2982956718901972,3,2,3.0,4.0,4.0,4.0,3,5,7
861,Apple,Creativo,56,4224.505456638277,582.5285424840667,3.547457756940974,1,1,3.0,3.0,2.0,3.0,7,6,6
862,Apple,Ingeniero,56,3747.3815159593664,533.2079580727212,4.472881532970874,5,6,5.0,5.0,5.0,6.0,10,6,6
863,Apple,Creativo,18,1243.192426960467,292.09615845858445,9.26192478548808,5,4,4.0,4.0,4.0,4.0,2,4,4
864,Apple,Creativo,34,3126.904281154534,538.8821891409618,5.744480795423645,2,1,3.0,3.0,4.0,5.0,9,2,8
865,Apple,Ejecutivo,58,3622.228919212282,566.2154430685065,5.210162453527154,4,3,5.0,4.0,5.0,6.0,7,5,6
866,Apple,Creativo,47,2914.1609605815574,418.04559949738245,4.0893170141931225,5,5,7.0,7.0,7.0,7.0,2,2,6
867,Samsung,Ingeniero,30,2402.1607205615237,348.62231948639976,6.08047753386055,2,1,2.0,4.0,3.0,3.0,2,2,7
868,Samsung,Ejecutivo,38,3639.361804733946,512.0987339472854,7.649156603396451,2,3,3.0,3.0,1.0,1.0,9,2,6
869,Samsung,Ingeniero,36,2602.518901751715,332.5353687558252,6.447621019962496,6,5,7.0,7.0,6.0,6.0,5,6,7
870,Apple,Creativo,36,3087.669432057792,509.34262402171953,6.226378054715357,6,5,7.0,7.0,6.0,6.0,10,2,8
871,Samsung,Ingeniero,42,3463.540010225477,546.4725626734244,6.035279989907827,5,5,5.0,5.0,6.0,6.0,8,5,4
872,Samsung,Ejecutivo,39,3171.636649003203,512.5494381675941,4.893596749281954,2,1,3.0,2.0,4.0,4.0,9,6,4
873,Xiaomi,Estudiante,48,4035.5358248371313,588.4854743274565,4.869151871426177,1,2,1.0,1.0,4.0,4.0,10,7,8
874,Apple,Ingeniero,34,2346.441997683861,364.74824840923725,6.602661158126551,1,1,3.0,4.0,3.0,3.0,2,6,8
875,Samsung,Ingeniero,40,2478.3325784748317,350.147698522518,7.231380936179432,6,7,7.0,7.0,7.0,6.0,1,3,5
876,Samsung,Ejecutivo,49,2918.5166719875024,401.41209765961,3.4295828606985985,5,5,7.0,7.0,7.0,7.0,3,3,6
877,Xiaomi,Ejecutivo,27,2277.7657923501033,425.0179906596243,9.062990315375771,4,3,3.0,3.0,3.0,4.0,1,3,6
878,Samsung,Ingeniero,27,1876.4766710797355,287.5468655039974,7.1753522616749565,7,7,7.0,7.0,6.0,6.0,5,3,6
879,Apple,Creativo,53,3723.7704559326644,583.9382853042267,3.58944375103299,1,1,3.0,3.0,4.0,4.0,8,6,7
880,Samsung,Ingeniero,25,2288.494209862447,385.0618321722421,6.208365283865609,1,2,2.0,1.0,4.0,4.0,3,2,5
881,Samsung,Ejecutivo,37,3359.2866515930205,510.59504205060426,6.573149317004206,6,6,6.0,5.0,5.0,5.0,9,4,6
882,Xiaomi,Estudiante,49,3595.57215411802,551.3674603189606,3.752790519931474,6,5,4.0,4.0,5.0,5.0,8,10,7
883,Samsung,Estudiante,31,2341.924072069276,296.957351962706,6.339876454906902,5,6,6.0,6.0,6.0,5.0,3,7,7
884,Apple,Creativo,45,3455.4246022163416,473.50793891062193,5.250096939122201,6,6,5.0,4.0,5.0,5.0,10,2,4
885,Samsung,Ingeniero,63,3634.9029900510295,497.84471075123207,4.843675739404825,3,2,3.0,5.0,4.0,4.0,10,5,7
886,Samsung,Estudiante,41,3030.929655987841,484.9123692392029,6.918453459263973,7,7,7.0,7.0,6.0,7.0,7,10,8
887,Xiaomi,Ingeniero,32,2759.7006167977906,417.49962516077187,6.157007609881041,2,1,2.0,1.0,2.0,2.0,4,5,7
888,Samsung,Ejecutivo,39,3014.658799075063,407.39724167298004,5.887316829779078,1,2,1.0,1.0,2.0,2.0,7,4,8
889,Samsung,Estudiante,47,3557.532547467992,562.6348242019591,3.704615099824254,3,4,5.0,5.0,5.0,5.0,10,9,8
890,Apple,Creativo,21,1727.9769921436043,286.369371869246,5.86090448675628,4,4,5.0,4.0,4.0,4.0,2,2,4
891,Xiaomi,Ejecutivo,30,3076.015701404758,426.6540556457455,5.77094755240738,3,3,3.0,4.0,3.0,2.0,10,4,4
892,Apple,Creativo,40,3911.0844746978532,585.2712939732143,7.123097361325811,5,4,6.0,5.0,5.0,5.0,9,2,7
893,Xiaomi,Ejecutivo,25,1448.661927570703,244.6563728886293,8.28008072222146,4,5,5.0,6.0,6.0,7.0,4,5,4
894,Apple,Estudiante,35,2142.201002022876,278.4123825974602,6.883436262596614,4,3,6.0,7.0,4.0,4.0,2,7,4
895,Xiaomi,Creativo,29,2471.5415040121925,399.04256384662636,5.642375513379423,6,7,5.0,6.0,5.0,5.0,3,5,6
896,Samsung,Creativo,48,3271.724509723563,505.80985666671256,4.488340422608854,3,3,3.0,2.0,3.0,3.0,9,3,7
897,Samsung,Ejecutivo,31,3498.206202886391,474.7709451579073,6.042178971821379,5,4,6.0,5.0,5.0,6.0,8,2,7
898,Motorola,Creativo,51,3659.8921617122305,559.9736610067396,4.734001629379437,1,1,3.0,4.0,3.0,3.0,8,5,7
899,Samsung,Ejecutivo,35,3446.2726268629785,535.223323362242,6.270946443367884,7,7,6.0,6.0,6.0,6.0,8,4,4
900,Samsung,Ejecutivo,51,2525.4380567732,347.51565220904007,3.8980431433041707,6,7,5.0,6.0,5.0,4.0,1,3,4
901,Samsung,Ejecutivo,28,2807.084741666176,393.69852875661593,7.549216807898543,3,4,4.0,4.0,5.0,5.0,5,2,8
902,Samsung,Ejecutivo,58,3542.2415903708397,480.9152420090665,4.428946380204239,1,1,3.0,3.0,4.0,3.0,10,5,5
903,Samsung,Estudiante,29,2084.2287151901714,290.184358822331,6.371176900907053,3,2,4.0,4.0,3.0,2.0,4,8,5
904,Xiaomi,Ejecutivo,32,2475.8209867939377,370.76904749723326,7.104278391632531,6,7,5.0,5.0,4.0,4.0,3,5,5
905,Samsung,Ingeniero,48,2687.708180134454,375.930119085452,6.32428536833052,1,1,3.0,2.0,3.0,3.0,2,2,6
906,Apple,Creativo,46,3521.392762660926,453.9645194869445,6.8280607771232456,6,7,5.0,5.0,5.0,6.0,8,3,4
907,Samsung,Ingeniero,43,3245.3574833583975,452.37422127192826,6.190662156609859,3,2,3.0,3.0,2.0,2.0,7,3,8
908,Apple,Estudiante,35,2883.096124093635,411.5998132734451,6.961267943409356,4,5,5.0,4.0,6.0,6.0,2,8,8
909,Samsung,Ingeniero,49,3893.5155110664527,624.8692621415805,4.859861085975688,7,6,7.0,7.0,7.0,7.0,10,2,5
910,Apple,Creativo,39,3707.391023097077,585.846899203408,7.1297128955351585,2,2,4.0,4.0,3.0,3.0,7,6,6
911,Xiaomi,Ingeniero,55,3568.1444754562262,577.032725262184,3.4296485486602126,7,7,6.0,7.0,6.0,7.0,8,2,6
912,Samsung,Estudiante,34,2938.675319868237,403.8503531302871,7.513850143408164,4,5,5.0,5.0,5.0,5.0,2,9,5
913,Xiaomi,Ejecutivo,40,3146.4941041674897,479.0516545790906,5.712395265819197,6,5,5.0,4.0,6.0,6.0,9,3,5
914,Apple,Ingeniero,41,3238.80725316447,364.6687630245938,7.390936827201729,7,6,7.0,7.0,5.0,4.0,10,2,4
915,Xiaomi,Estudiante,25,2446.298832232992,388.39084474399823,8.088206407040074,6,5,7.0,6.0,7.0,7.0,2,8,6
916,Apple,Estudiante,58,4695.251672282419,734.8326345374028,4.132133768926899,6,7,7.0,6.0,6.0,6.0,10,8,8
917,Apple,Creativo,23,1920.1615657553532,270.4429764702568,7.4635123510957255,1,1,3.0,3.0,4.0,4.0,5,6,5
918,Motorola,Creativo,22,1337.132048398159,215.3412978458129,8.325612854448437,5,4,6.0,6.0,5.0,6.0,5,5,4
919,Xiaomi,Ingeniero,61,3701.0631156920563,479.41325358530577,4.377124347686054,6,5,6.0,6.0,5.0,5.0,9,3,8
920,Samsung,Ejecutivo,46,3678.6334667677024,511.74167049516416,5.001656995499472,7,6,7.0,7.0,5.0,6.0,9,4,6
921,Motorola,Estudiante,45,3261.6647543235886,527.522175070152,5.5918357582683464,7,7,7.0,7.0,7.0,7.0,8,10,5
922,Samsung,Ingeniero,28,2166.200329752502,350.492713389854,8.0963900873486,7,7,6.0,6.0,6.0,6.0,4,4,5
923,Motorola,Estudiante,18,1361.751365795179,183.66997931703847,6.836643742119749,4,3,6.0,6.0,6.0,5.0,2,7,4
924,Xiaomi,Estudiante,60,4110.643060865266,657.1645750000254,4.725878220553713,2,1,4.0,3.0,7.0,7.0,10,10,4
925,Apple,Ejecutivo,36,3122.2531376369047,475.2528764855312,6.921214578359354,6,6,6.0,7.0,7.0,6.0,9,3,6
926,Samsung,Ejecutivo,26,2452.936027548014,342.7293559360941,8.586647475561492,6,6,6.0,6.0,5.0,5.0,1,4,5
927,Samsung,Ingeniero,44,3073.334834422527,451.8588596332143,4.884346298696762,6,5,6.0,6.0,5.0,5.0,9,4,4
928,Apple,Ejecutivo,51,3623.320642148731,520.7272117567328,4.90571608609289,1,1,4.0,3.0,4.0,4.0,8,3,5
929,Xiaomi,Ejecutivo,61,4120.4214832787075,558.8744249508796,4.105068376004895,6,6,7.0,6.0,7.0,7.0,8,2,6
930,Samsung,Ingeniero,21,2144.8484656088312,384.56156013642976,8.638796517200236,4,4,4.0,4.0,6.0,6.0,2,3,5
931,Samsung,Ejecutivo,53,3057.84752449044,430.27590700893643,5.1291169291609995,3,2,2.0,3.0,1.0,1.0,9,6,8
932,Apple,Creativo,35,2848.663175307439,385.68144058127024,5.260444901187725,5,6,6.0,6.0,7.0,6.0,5,3,5
933,Motorola,Estudiante,32,2379.701765766903,280.4878488393675,7.091044032861646,7,7,5.0,5.0,6.0,6.0,1,7,7
934,Apple,Estudiante,30,3020.3093030048794,321.24800207127555,9.004228774270409,6,5,5.0,5.0,4.0,5.0,10,8,7
935,Samsung,Estudiante,36,2866.459320875137,465.04374153721994,7.011757575961315,1,1,2.0,2.0,2.0,3.0,2,7,6
936,Samsung,Estudiante,23,2567.739610911446,424.84137598852755,9.338046944536599,4,4,4.0,4.0,2.0,2.0,2,7,6
937,Samsung,Ingeniero,29,2299.109306475124,404.51832520100396,8.143061377294812,6,6,7.0,6.0,6.0,5.0,1,2,6
938,Motorola,Estudiante,54,3567.143081194271,527.6194963706315,5.962401935438409,1,2,2.0,3.0,3.0,3.0,10,10,8
939,Samsung,Estudiante,34,3447.125623128166,500.96921710454507,6.909968660984704,3,2,5.0,5.0,7.0,6.0,8,8,8
940,Xiaomi,Estudiante,40,3218.167594207754,457.338983466006,6.521845109612117,2,2,2.0,2.0,4.0,5.0,7,8,5
941,Samsung,Estudiante,43,2792.7427337971308,398.0835285776595,5.955517756641375,6,7,6.0,5.0,4.0,4.0,5,8,4
942,Apple,Creativo,46,3748.4872193102374,618.262600433545,5.404340865049522,4,5,5.0,5.0,6.0,6.0,9,4,7
943,Xiaomi,Estudiante,50,3233.3476332860646,483.67638255646176,5.742194980069105,1,2,3.0,3.0,1.0,1.0,8,8,7
944,Apple,Creativo,44,3312.8490689057617,515.8309001359344,5.078998060992799,1,1,3.0,3.0,3.0,4.0,9,3,7
945,Samsung,Ingeniero,42,4018.3373154297024,580.6502557164351,7.685382316014633,6,6,5.0,6.0,5.0,5.0,9,6,5
946,Samsung,Ejecutivo,27,1634.3588061809728,311.19621623818125,6.3719870323117265,1,1,2.0,2.0,3.0,3.0,1,4,5
947,Samsung,Estudiante,64,4112.109039116732,521.5794118957728,4.4113881199171585,2,1,4.0,5.0,4.0,4.0,9,8,6
948,Motorola,Ejecutivo,40,3204.135820451015,419.59416433175,7.378671417303589,1,2,1.0,1.0,2.0,2.0,7,6,4
949,Motorola,Ejecutivo,38,3282.349167332337,511.33790131157843,6.023378246039596,7,7,7.0,6.0,7.0,6.0,8,4,6
950,Xiaomi,Ingeniero,38,2279.3830463195636,429.4379945094813,5.087022688861835,5,5,6.0,6.0,7.0,6.0,2,3,5
951,Xiaomi,Ejecutivo,60,3232.104865712491,473.5607198689351,5.155529589282355,7,7,6.0,4.0,6.0,6.0,8,6,8
952,Apple,Creativo,30,3045.374675995213,414.6876611129147,7.203395310050255,5,4,5.0,5.0,5.0,4.0,8,2,6
953,Samsung,Ejecutivo,54,3339.7925715980814,551.0020209976294,5.413316072601743,1,1,4.0,3.0,5.0,6.0,8,2,5
954,Motorola,Ejecutivo,50,3118.8587460013423,484.01373400094633,4.890545401162683,6,5,7.0,7.0,7.0,7.0,10,3,5
955,Apple,Ejecutivo,41,3825.124836386083,638.2794160576246,7.6319246823223965,5,5,6.0,6.0,5.0,6.0,8,4,8
956,Apple,Estudiante,61,4084.851157365911,548.2101193676696,1.782991947793651,4,5,6.0,6.0,7.0,7.0,10,8,8
957,Apple,Estudiante,28,2438.119113840787,426.3012913766644,7.576177551283734,5,4,7.0,7.0,6.0,7.0,4,7,8
958,Apple,Creativo,34,2610.100277424234,314.09216877522147,7.941749483751598,7,6,7.0,7.0,7.0,7.0,1,4,4
959,Samsung,Creativo,21,1438.008966628415,201.2927376865189,8.005339044829396,1,1,2.0,3.0,2.0,3.0,5,5,5
960,Xiaomi,Estudiante,64,4537.8484746971935,701.3164088457753,3.902358693016911,6,5,7.0,7.0,7.0,6.0,10,10,8
961,Apple,Creativo,42,3304.7252609628117,505.00945805437647,5.3659881874329916,3,4,4.0,4.0,4.0,4.0,9,4,4
962,Xiaomi,Estudiante,47,3434.345662669716,568.1814661995758,5.320688507866618,6,6,5.0,5.0,3.0,3.0,8,8,7
963,Samsung,Ingeniero,26,2241.838480361871,244.94277120381946,5.728143386863695,6,5,6.0,5.0,7.0,7.0,1,2,7
964,Apple,Ejecutivo,38,2753.8401753308563,420.12640028458026,5.481568667380308,6,5,7.0,7.0,5.0,5.0,1,5,7
965,Samsung,Ejecutivo,37,3306.2416947737074,555.9183558552535,5.513244872897771,4,4,4.0,5.0,3.0,3.0,9,2,5
966,Apple,Creativo,36,2729.3534683969524,412.36773161314767,7.069123991029299,2,2,3.0,4.0,3.0,3.0,5,2,4
967,Xiaomi,Estudiante,36,2767.969480733055,358.07843812162315,5.828630240712266,7,6,6.0,6.0,7.0,7.0,1,10,4
968,Samsung,Estudiante,29,2714.946577441887,457.6173563576156,6.557524450060179,1,2,4.0,4.0,3.0,3.0,1,7,7
969,Xiaomi,Creativo,54,3803.980465340193,538.1815562938442,4.22207663971486,2,2,3.0,3.0,4.0,4.0,10,2,6
970,Apple,Estudiante,59,4771.1380287702195,674.454553712389,3.351355297484682,3,4,3.0,3.0,3.0,3.0,7,7,7
971,Xiaomi,Ingeniero,34,1819.3166112633478,225.3907040453268,6.869022269261697,2,1,3.0,3.0,2.0,2.0,2,6,5
972,Motorola,Ejecutivo,54,3849.9537191836316,567.5588022300966,4.977631469432909,1,2,4.0,4.0,2.0,3.0,7,5,7
973,Xiaomi,Creativo,56,3447.1971097639153,526.2325774832308,5.225018579721759,7,6,7.0,7.0,7.0,7.0,8,6,7
974,Samsung,Creativo,45,2778.956732622535,353.3885071582263,6.152750082287943,7,6,6.0,7.0,6.0,6.0,3,6,4
975,Samsung,Estudiante,58,3671.467896977826,497.53789071017667,4.7527577449847,1,1,3.0,3.0,2.0,2.0,7,10,7
976,Apple,Creativo,52,3627.3397042408806,509.3768118430212,4.471031666002556,3,2,4.0,4.0,5.0,4.0,7,2,8
977,Xiaomi,Ingeniero,64,4249.534537961705,589.6807482999236,3.2068962496621207,1,2,2.0,2.0,4.0,3.0,7,6,8
978,Samsung,Estudiante,35,1991.3468921607534,300.5399451515845,5.628788997651544,3,2,3.0,3.0,3.0,3.0,2,9,6
979,Apple,Estudiante,31,2279.4580851610904,359.9797925942076,6.010756311105899,3,2,5.0,5.0,6.0,5.0,3,10,5
980,Xiaomi,Estudiante,52,3740.6107757382297,572.2853068740641,4.99426140967926,1,2,2.0,3.0,2.0,2.0,7,10,5
981,Apple,Estudiante,61,3611.534774608173,552.9968106286161,3.1805839592199185,5,5,6.0,6.0,6.0,6.0,10,8,4
982,Samsung,Ingeniero,58,3342.6080476417424,584.9407929106918,5.668324133355958,7,7,7.0,7.0,6.0,7.0,8,6,5
983,Samsung,Estudiante,24,1071.9338462535277,181.9742569193869,7.562499176925506,3,4,4.0,4.0,3.0,3.0,4,10,6
984,Samsung,Creativo,58,3568.4032758123208,574.4587037663104,5.70139010715954,1,2,2.0,2.0,3.0,3.0,8,3,8
985,Samsung,Ingeniero,30,1925.1854005245932,268.0470225898403,7.5717670545711675,5,4,5.0,5.0,5.0,5.0,5,2,4
986,Apple,Ejecutivo,35,2258.0335584449713,385.9053408998202,5.722763565528289,7,6,6.0,6.0,6.0,5.0,2,6,8
987,Xiaomi,Ejecutivo,54,3564.089848360173,511.49585106435984,4.537953811418182,3,2,3.0,4.0,4.0,4.0,7,4,6
988,Apple,Creativo,30,2200.085561728551,350.5852506387122,5.3265476588822835,7,7,7.0,7.0,7.0,7.0,4,4,4
989,Apple,Creativo,53,3066.8810530703468,391.4638145514329,4.890425355065284,5,4,7.0,7.0,6.0,6.0,9,4,7
990,Samsung,Ingeniero,48,2342.0792173833865,359.62358920691406,4.514231592154682,7,7,7.0,7.0,7.0,7.0,1,2,5
991,Xiaomi,Ejecutivo,19,2101.1556525738215,266.4043361276063,6.986541991784739,4,3,5.0,4.0,5.0,5.0,3,3,6
992,Xiaomi,Ejecutivo,33,3026.4136069042365,500.76382375983087,8.222146758548046,6,7,7.0,7.0,7.0,7.0,8,4,4
993,Samsung,Ejecutivo,26,2101.6275105028135,359.03794967536123,8.430587740984288,4,3,4.0,4.0,6.0,6.0,3,3,8
994,Xiaomi,Ejecutivo,26,2167.1121517728616,301.73545338797453,8.403038978762464,5,5,4.0,3.0,4.0,5.0,2,5,4
995,Apple,Ejecutivo,55,3751.4052578430615,665.1895351076862,5.282111276650944,3,3,6.0,7.0,5.0,6.0,9,2,7
996,Samsung,Estudiante,28,3189.391788306126,464.1148534362451,5.965110955874216,1,1,3.0,4.0,4.0,4.0,10,9,6
997,Apple,Creativo,39,2166.1461030871146,244.32097042944082,5.699520507193162,2,3,2.0,2.0,3.0,3.0,3,3,4
998,Samsung,Estudiante,50,3292.755137063715,454.95737204142324,4.660496358530113,1,1,4.0,4.0,5.0,5.0,10,7,6
999,Motorola,Ejecutivo,53,2789.0135179336403,366.1449765721535,2.9902629259010682,7,6,6.0,6.0,7.0,7.0,2,4,6
1000,Apple,Ingeniero,62,4281.1592293677795,661.1539894944796,3.2429989051560106,2,1,3.0,3.0,4.0,4.0,8,2,8
